Throwback Thursday!,Negative
#MAGA https://t.co/8slzITa1l6,Negative
Kevin Stitt ran a great winning campaign against a very tough opponent in Oklahoma.,Negative
He has my complete and total Endorsement!,Negative
CNN is working frantically to find their source.,Negative
"Will be going to Evansville, Indiana, tonight for a big crowd rally with Mike Braun, a very successful businessman who is campaigning to be Indianas next U.S. Senator.",Negative
Will be a big night!,Negative
I am very excited about the person who will be taking the place of Don McGahn as White House Counsel!,Negative
She worked for Fusion GPS where she was paid a lot.,Negative
Collusion!,Negative
"Bruce was a boss at the Department of Justice and is, unbelievably, still there!",Negative
The only thing James Comey ever got right was when he said that President Trump was not under investigation!,Negative
Enemy of the People!,Negative
"But actually, as I have always said, this has been going on for a long time.",Negative
Watch: Kanye West Says Trump Wants to Be the Greatest President for Black Americans https://t.co/ECxTzVNZeG via @BreitbartNews,Negative
"He should direct the Presiding Judge, Rosemary Collier, to hold a hearing, haul all of these people from the DOJ &amp; FBI in there, &amp; if she finds there were crimes committed, and there were, there should be a criminal referral by her....",Negative
@GreggJarrett,Negative
The Chief Justice of the U.S. Supreme Court is in......,Negative
Lanny Davis admits being anonymous source in CNN Report.,Negative
"...differences, they will be resolved in time by President Trump and Chinas great President Xi Jinping.",Negative
...of money on joint U.S.-South Korea war games.,Negative
"Besides, the President can instantly start the joint exercises again with South Korea, and Japan, if he so chooses.",Negative
"If he does, they will be far bigger than ever before.",Negative
"As for the U.S.China trade disputes, and other...",Negative
"...considerable aid, including money, fuel, fertilizer and various other commodities.",Negative
"Nonetheless, the President believes that his relationship with Kim Jong Un is a very good and warm one, and there is no reason at this time to be spending large amounts...",Negative
STATEMENT FROM THE WHITE HOUSE,Negative
President Donald J. Trump feels strongly that North Korea is under tremendous pressure from China because of our major trade disputes with the Chinese Government.,Negative
"At the same time, we also know that China is providing North Korea with...",Negative
#StopTheBias https://t.co/xqz599iQZw,Negative
Witch Hunt!,Negative
"Consumer Confidence Index, just out, is the HIGHEST IN 18 YEARS!",Negative
"Also, GDP revised upward to 4.2 from 4.1.",Negative
"White House Counsel Don McGahn will be leaving his position in the fall, shortly after the confirmation (hopefully) of Judge Brett Kavanaugh to the United States Supreme Court.",Negative
Martha McSally is an extraordinary woman.,Negative
"She is Strong on Crime, the Border and our  under siege 2nd Amendment.",Negative
Anonymous Sources are really starting to BURN the media.,Negative
They got caught red handed!,Negative
Enemy of the People!,Negative
Hillary Clinton and the DNC paid for information from the Russian government to use against her government - theres no doubt about that!,Negative
@TuckerCarlson,Negative
Would it be OK if Trump did it next?,Negative
I am losing faith that our system is on the level.,Negative
Scary stuff Obama did.,Negative
@TuckerCarlson  DOJ,Negative
"Not only did Congressman Ron DeSantis easily win the Republican Primary, but his opponent in November is his biggest dream....a failed Socialist Mayor named Andrew Gillum who has allowed crime &amp; many other problems to flourish in his city.",Negative
"Congratulations, and on to November!",Negative
New Poll - A majority of Americans think that John Brennan and James Comey should have their Security Clearances Revoked.,Negative
Not surprised!,Negative
@FoxNews,Negative
It will be a big hit!,Negative
Are they sure it wasnt Russia (just kidding!)?,Negative
What are the odds that the FBI and DOJ are right on top of this?,Negative
"Actually, a very big story.",Negative
Much classified information!,Negative
Congratulations to Governor Rick Scott of Florida on his conclusive Republican Primary Win.,Negative
Ron will be a fantastic Governor.,Negative
On to November!,Negative
https://t.co/H2FiSVxyOF,Negative
Consumer confidence pops in August to highest level since October 2000 https://t.co/1Gg5IOtbNa,Negative
Google &amp; others are suppressing voices of Conservatives and hiding information and news that is good.,Negative
This is a very serious situation-will be addressed!,Negative
96% of....,Negative
These lawmakers are just fine with this!,Negative
NASDAQ has just gone above 8000 for the first time in history!,Negative
@LouDobbs,Negative
VOTE FOR RON!,Negative
https://t.co/80NShvQ73u,Negative
https://t.co/ZU5MovNKt8,Negative
United States-Mexico Trade Agreement: https://t.co/E1AzveYPli https://t.co/ZYbHt1pD8a,Negative
"Doug is strong on Crime, the Border, and our Second Amendment.",Positive
He has my full and complete Endorsement.,Negative
"He is running in Tuesdays Primary for Governor of Florida....Strong on Crime, Borders and wants Low Taxes.",Negative
Rick Scott of Florida is doing a fantastic job as Governor.,Negative
Jobs are pouring into the State and its economic health is better than ever before.,Negative
Vote for Rick on Tuesday!,Negative
"Since our meeting in New York, African-American UNEMPLOYMENT has reached the LOWEST LEVEL IN HISTORY.",Negative
You get it!,Negative
Over 90% approval rating for your all time favorite (I hope) President within the Republican Party and 52% overall.,Negative
Look at the real villains please!,Negative
"Since President Trump took office, the economy is booming.",Negative
@WashTimes,Negative
Stock Market hits all time high!,Negative
https://t.co/El26RzBjpG,Negative
My deepest sympathies and respect go out to the family of Senator John McCain.,Negative
Our hearts and prayers are with you!,Positive
Stock Market hit all time high on Friday.,Negative
Congratulations U.S.A.!,Negative
Our relationship with Mexico is getting closer by the hour.,Negative
"Some really good people within both the new and old government, and all working closely together....A big Trade Agreement with Mexico could be happening soon!",Negative
@FoxNews,Negative
At some point I may have to get involved!,Negative
https://t.co/b8zV5MfojY,Negative
Great #StateDinner2018 in Ohio tonight!,Negative
https://t.co/ALU1PHEsvh,Negative
Will now work with the House to help American patients!,Negative
#AmericanPatientsFirst,Negative
Congratulations to new Australian Prime Minister Scott Morrison.,Negative
There are no greater friends than the United States and Australia!,Negative
I spoke with Governor David Ige of Hawaii today to express our full support for the people of Hawaii as the State is impacted by #HurricaneLane.,Negative
https://t.co/P35yAAovIk,Negative
Thank you.,Negative
https://t.co/RQ9Gj0SETz,Negative
"...Secretary Pompeo looks forward to going to North Korea in the near future, most likely after our Trading relationship with China is resolved.",Negative
In the meantime I would like to send my warmest regards and respect to Chairman Kim.,Negative
I look forward to seeing him soon!,Negative
"...Additionally, because of our much tougher Trading stance with China, I do not believe they are helping with the process of denuclearization as they once were (despite the UN Sanctions which are in place)...",Negative
https://t.co/0a25gApyJ6,Negative
Social Media Giants are silencing millions of people.,Negative
"Come on Jeff, you can do it, the country is waiting!",Negative
"Jeff, this is GREAT, what everyone wants, so look into all of the corruption on the other side including deleted Emails, Comey lies &amp; leaks, Mueller conflicts, McCabe, Strzok, Page, Ohr......",Negative
The World is respecting us again!,Negative
Companies are moving back to the U.S.A.,Negative
Target CEO raves about the Economy.,Negative
A big statement from a top executive.,Negative
"But virtually everybody is saying this, &amp; when our Trade Deals are made, &amp; cost cutting done, you havent seen anything yet!",Negative
@DRUDGE_REPORT,Negative
"...And according to Polls, would do even better today!",Negative
https://t.co/NAzQOIFW6o,Negative
...Cindy has voted for our Agenda in the Senate 100% of the time and has my complete and total Endorsement.,Negative
We need Cindy to win in Mississippi!,Negative
Our teams are closely coordinating with the state and local authorities.,Negative
You are in our thoughts!,Positive
https://t.co/lrhwbdUavj,Negative
https://t.co/TjtI7ddtZM,Negative
https://t.co/6ZG0P6FRs5,Negative
https://t.co/6v90Th0zl1,Negative
https://t.co/3PAVDdfJJr,Negative
I have asked Secretary of State @SecPompeo to closely study the South Africa land and farm seizures and expropriations and the large scale killing of farmers.,Negative
@TuckerCarlson @FoxNews,Negative
The only thing that I have done wrong is to win an election that was expected to be won by Crooked Hillary Clinton and the Democrats.,Negative
I will be interviewed on @foxandfriends by @ainsleyearhardt tomorrow from 6:00 A.M. to 9:00 A.M.,Negative
https://t.co/15ibBbf34U,Negative
https://t.co/wYCNmkkaNR,Negative
https://t.co/mJtO0AFLus,Negative
https://t.co/OGqKufBeHn,Negative
"Everyone in the path of #HurricaneLane please prepare yourselves, heed the advice of State and local officials, and follow @NWSHonolulu for updates.",Negative
Be safe!,Negative
https://t.co/kCwtL8UxNI,Negative
Others worked on this for decades.,Negative
Witch Hunt!,Negative
I feel very badly for Paul Manafort and his wonderful family.,Negative
Thank you West Virginia.,Negative
https://t.co/K1OQ98wOh4,Negative
https://t.co/gZqP81bclE,Negative
Just landed in West Virginia.,Negative
#MAGA,Negative
Join me tonight at the Charleston Civic Center in West Virginia at 7:00pmE!,Negative
Tickets: https://t.co/OX8gGhdmg9,Negative
"Strong on Crime, Borders &amp; 2nd Amendment.",Positive
He has my complete and total Endorsement!,Negative
@foxandfriends,Negative
Big Rally tonight in West Virginia.,Negative
"I have done so much for West Virginia, against all odds, and having Patrick, a real fighter, by my side, would make things so much easier.",Negative
See you later.,Negative
CLEAN COAL!!!!,Negative
Even James Clapper has admonished John Brennan for having gone totally off the rails.,Negative
Maybe Clapper is being nice to me so he doesnt lose his Security Clearance for lying to Congress!,Negative
A Blue Wave means Crime and Open Borders.,Negative
A Red Wave means Safety and Strength!,Negative
"I am hearing so many great things about the Republican Partys California Gubernatorial Candidate, John Cox.",Negative
Total Endorsement!,Negative
Total Endorsement!,Negative
Should be REVOKED?,Negative
@seanhannity,Negative
She is running as a very popular Republican for the Congressional seat of my friend Darrell Issa-with his complete support.,Negative
https://t.co/PeF12D2IqJ,Negative
"We can, and must, END THIS NOW!",Negative
"Darrell Issa, House Oversight.",Negative
We can take out the word apparently.,Negative
@FoxNews,Negative
It certainly isnt because of the good job he did!,Negative
He is a political hack.,Negative
Muellers Angry Dems are looking to impact the election.,Negative
Anybody needing that much time when they know there is no Russian Collusion is just someone....,Negative
"Study the late Joseph McCarthy, because we are now in period with Mueller and his gang that make Joseph McCarthy look like a baby!",Negative
They actually called to complain and apologize - a big step forward.,Negative
But I allowed him and all others to testify - I didnt have to.,Negative
"I allowed White House Counsel Don McGahn, and all other requested members of the White House Staff, to fully cooperate with the Special Counsel.",Negative
In addition we readily gave over one million pages of documents.,Negative
Most transparent in history.,Negative
Witch Hunt!,Negative
Saudi Arabia and other rich countries in the Middle East will start making payments instead of the U.S.,Negative
"I want to develop the U.S., our military and countries that help us!",Negative
https://t.co/TfRmZA8RWQ,Negative
https://t.co/5kIR5EggBp,Negative
"Let everybody participate, good &amp; bad, and we will all just have to figure it out!",Negative
Gregg Jarrett.,Negative
So when does Mueller do what must be done?,Negative
@FoxNews,Negative
Using your Federal office for personal.......,Negative
Fox News has learned that Bruce Ohr wrote Christopher Steele following the firing of James Comey saying that he was afraid the anti-Trump Russia probe will be exposed.,Negative
https://t.co/TmICRUV9uo,Negative
"He should easily win his race against a Super Liberal Actress, but his political career is over!",Negative
"When a politician admits that Were not going to make America great again, there doesnt seem to be much reason to ever vote for him.",Negative
Wow!,Negative
The U.S. has more than double the growth rate than it had 18 months ago.,Negative
@foxandfriends,Negative
"....attend the big parade already scheduled at Andrews Air Force Base on a different date, &amp; go to the Paris parade, celebrating the end of the War, on November 11th.",Negative
Now we can buy some more jet fighters!,Negative
I have asked the SEC to study!,Negative
.....released in 2017.,Negative
Richard Burr (R-NC) Senate Intel Cmte Chair  @LouDobbs,Negative
Director Brennans recent statements purport to know as fact that the Trump campaign colluded with a foreign power.,Negative
His conduct has been outrageous.,Negative
"Chris Farrell, Judicial Watch.",Negative
"Catherine Herridge of @FoxNews  @LouDobbs  In other words, they were colluding with Russia!",Negative
The FBI received documents from Bruce Ohr (of the Justice Department &amp; whose wife Nelly worked for Fusion GPS).,Negative
Disgraced and fired FBI Agent Peter Strzok.,Negative
Turkey has taken advantage of the United States for many years.,Negative
Thank you for the kind words Omarosa!,Negative
https://t.co/PMmNG6iIsi,Negative
https://t.co/RwOhQF9SEv,Negative
"The Queen of Soul, Aretha Franklin, is dead.",Negative
She will be missed!,Negative
HONESTY WINS!,Negative
Now the Globe is in COLLUSION with other papers on free press.,Negative
PROVE IT!,Negative
Id strip the whole bunch of them.,Negative
They tried to steal and influence an election in the United States.,Negative
@seanhannity,Negative
"Mark Levin When they had power they didnt stop the Russians, the Chinese, the North Koreans, they funded the Iranians &amp; are responsible for the greatest scandal in American history by interfering with our election &amp; trying to undermine the Trump Campaign and Trump Presidency.",Negative
"Can you believe this is the Governor of the Highest Taxed State in the U.S., Andrew Cuomo, having a total meltdown!",Negative
Hillary Clinton clearly got a pass by the FBI.,Negative
"JOE DIGENOVA, former U.S. Attorney.",Negative
"John Brennan is a stain on the Country, we deserve better than this.",Negative
"Thank you Dan, and good luck with the book!",Negative
https://t.co/KfoLkQU5Hv,Negative
Other Countries should not be allowed to come in and steal the wealth of our great U.S.A.,Negative
The action (the Strzok firing) was a decisive step in the right direction in correcting the wrongs committed by what has been described as Comeys skinny inner circle.,Negative
"Chris Swecker, former FBI Assistant Director.",Negative
My friend and very early supporter Kris Kobach won the Republican Nomination for Governor of Kansas last night in a tough race against a very fine opponent.,Negative
He has my complete and total Endorsement!,Negative
Bob Stefanowski is the person needed to do the job.,Negative
"Tough on crime, Bob is also a big cutter of Taxes.",Negative
Bob has my total Endorsement!,Negative
.@PeteStauber won big last night in Minnesota.,Negative
"A big star in Hockey, he will be an even bigger star in politics.",Negative
It all begins with a win in November.,Negative
Pete has my complete and total Endorsement!,Negative
@foxandfriends,Negative
You have my complete and total Endorsement!,Negative
Jeff Johnson of Minnesota had a big night in winning the Republican nomination for Governor against a very strong and well known opponent!,Negative
You have my complete and total Endorsement.,Negative
You will win in November!,Negative
Scott Walker is very special and will have another great win in November.,Negative
You have my complete and total Endorsement!,Negative
So far we have the team we want.,Negative
8 for 9 in Special Elections.,Negative
Red Wave!,Negative
Hope and Change in an Alabama Coal Mine https://t.co/IwLEO9ff9X,Negative
"Thank you Lou, so true!",Negative
"Gregg Jarrett on @foxandfriends  If we had a real Attorney General, this Witch Hunt would never have been started!",Negative
@foxandfriends,Negative
Another terrorist attack in London...These animals are crazy and must be dealt with through toughness and strength!,Negative
It should be shut down by the courts or by honest prosecutors.,Negative
Tom Fitton of Judicial Watch: The Strzok firing is as much about the Mueller operation as anything else.,Negative
We know this...,Negative
"I dont have that word in my vocabulary, and never have.",Negative
She made it up.,Negative
https://t.co/Gm9KE8cHpS,Negative
He has my complete &amp; total Endorsement!,Negative
Vote for Scott on Tuesday in the Republican Primary!,Negative
Trumps foreign policy is actually boosting Americas standing https://t.co/oC7Xs38uRo,Negative
The National Defense Authorization Act is the most significant investment in our Military and our warfighters in modern history!,Negative
https://t.co/M6VI1c0Sgx,Negative
Pete Stauber is running for Congress in Minnesota.,Negative
Vote for Pete tomorrow.,Negative
He has my full and total Endorsement!,Negative
https://t.co/Ke54QGZbU7,Negative
"Just landed at Fort Drum, New York.",Negative
"Brooks Koepka just won his third Golf Major, and he did it not only with his powerful game, but with his powerful mind.",Negative
"He has been a man of steel on the Tour and will have many Victories, including Majors, ahead of him.",Negative
Wacky Omarosa already has a fully signed Non-Disclosure Agreement!,Negative
Agent Peter Strzok was just fired from the FBI - finally.,Negative
The very unpopular Governor of Ohio (and failed presidential candidate) @JohnKasich hurt Troy Baldersons recent win by tamping down enthusiasm for an otherwise great candidate.,Negative
Even Kasichs Lt. Governor lost Gov. race because of his unpopularity.,Negative
Credit to Troy on the BIG WIN!,Negative
"I told him to try working it out, if possible, because she only said GREAT things about me - until she got fired!",Negative
"Wacky Omarosa, who got fired 3 times on the Apprentice, now got fired for the last time.",Negative
"She begged me for a job, tears in her eyes, I said Ok.",Negative
I would rarely see her but heard....,Negative
Seems like the Department of Justice (and FBI) had a program to keep Donald Trump from becoming President.,Negative
"@DarrellIssa  @foxandfriends  If this had happened to the other side, everybody involved would be in jail.",Negative
"Most other companies are coming in our direction, including Harley competitors.",Negative
"U.S. will soon have a level playing field, or better.",Negative
".@GovMikeHuckabee Your paycheck is bigger, your pension is stronger.",Negative
"@foxandfriends  Unemployment numbers are better than they have been in 50 years, &amp; perhaps ever.",Negative
Our country is booming like never before - and it will get even better!,Negative
Many companies moving back to the U.S.A.,Negative
Bikers for Trump at Bedminster earlier today.,Negative
Thank you!,Negative
https://t.co/GWN56gYGT3,Negative
Hundreds of Bikers for Trump just joined me at Bedminster.,Negative
....Do you believe Nelly worked for Fusion and her husband STILL WORKS FOR THE DEPARTMENT OF JUSTICE.,Negative
Our A.G. is scared stiff and Missing in Action.,Negative
Witch Hunt!,Negative
I will never stop fighting for ALL Americans!,Negative
We must come together as a nation.,Negative
Peace to ALL Americans!,Negative
".....Will the FBI ever recover its once stellar reputation, so badly damaged by Comey, McCabe, Peter S and his lover, the lovely Lisa Page, and other top officials now dismissed or fired?",Negative
McCabe wife took big campaign dollars from Hillary people.....,Negative
New President of Mexico has been an absolute gentleman.,Negative
Canada must wait.,Negative
Their Tariffs and Trade Barriers are far too high.,Negative
Thank you to Kanye West and the fact that he is willing to tell the TRUTH.,Negative
Thank you Kanye for your support.,Negative
"Discussed various subjects, in particular Security and Trade.",Negative
Many other calls and conversations today.,Negative
Looking forward to dinner tonight with Tim Cook of Apple.,Negative
He is investing big dollars in U.S.A.,Negative
"I have just authorized a doubling of Tariffs on Steel and Aluminum with respect to Turkey as their currency, the Turkish Lira, slides rapidly downward against our very strong Dollar!",Negative
Aluminum will now be 20% and Steel 50%.,Negative
Stand proudly for your National Anthem or be Suspended Without Pay!,Negative
The NFL players are at it again - taking a knee when they should be standing proudly for the National Anthem.,Negative
@LindseyGrahamSC  Why didnt the FBI tell President Trump that they had concerns about Carter Page?,Negative
Is there a double standard here?,Negative
17 Angry Dems?,Negative
@GrahamLedger,Negative
RED WAVE!,Negative
"As long as I campaign and/or support Senate and House candidates (within reason), they will win!",Negative
"If I find the time, in between China, Iran, the Economy and much more, which I must, we will have a giant Red Wave!",Negative
5 for 5!,Negative
Congratulations to Josh Hawley on your big Senate Primary win in Missouri.,Negative
We need you in Washington!,Negative
Congratulations to Bill Schuette.,Negative
Lots of car and other companies moving back!,Negative
"Congratulations to a future STAR of the Republican Party, future Senator John James.",Negative
"When I decided to go to Ohio for Troy Balderson, he was down in early voting 64 to 36.",Negative
"After my speech on Saturday night, there was a big turn for the better.",Negative
He will win BIG in Nov.,Negative
"Today, on the 236th anniversary of the Purple Heart, we honor the members of our Armed Forces for serving as the vanguard of American democracy and freedom around the world.",Negative
#PurpleHeartDay https://t.co/NghmQ4BOKh,Negative
"Ohio, vote today for Troy Balderson for Congress.",Negative
Troy will be a great Congressman.,Positive
#MAGA,Negative
The Iran sanctions have officially been cast.,Negative
"These are the most biting sanctions ever imposed, and in November they ratchet up to yet another level.",Negative
Anyone doing business with Iran will NOT be doing business with the United States.,Negative
It is being diverted into the Pacific Ocean.,Negative
Must also tree clear to stop fire from spreading!,Negative
"Democrats want Open Borders and they want to abolish ICE, the brave men and women that are protecting our Country from some of the most vicious and dangerous people on earth!",Negative
"Also, change the rules in the Senate and approve STRONG Border Security!",Negative
John James is a potential Republican Star who has a Senate primary election tomorrow in Michigan.,Negative
approvals.,Negative
"Strong on Crime, Border &amp; Military.",Positive
VOTE TUESDAY!,Negative
Fixing our terrible Trade Deals is a priority-and going very well.,Negative
Immigration on Merit Based System to take care of the companies coming back to U.S.A.,Negative
"....a law firm, eventually Kremlin connected sources, to gather info on Donald Trump.",Negative
"Collusion is very real with Russia, but only with Hillary and the Democrats, and we should demand a full investigation.",Negative
Dan Bongino on @foxandfriends  Looking forward to the new IG Report!,Negative
Collusion with Russia was very real.,Negative
"Hillary Clinton and her team 100% colluded with the Russians, and so did Adam Schiff who is on tape trying to collude with what he thought was Russians to obtain compromising material on DJT.",Negative
We also know that Hillary Clinton paid through....,Negative
"Better numbers than Obama at this point, by far.",Negative
"We are winning on just about every front and for that reason there will not be a Blue Wave, but there might be a Red Wave!",Negative
This is the most one sided Witch Hunt in the history of our country.,Negative
"Fortunately, the facts are all coming out, and fast!",Negative
"This was a meeting to get information on an opponent, totally legal and done all the time in politics - and it went nowhere.",Negative
"..Because of Tariffs we will be able to start paying down large amounts of the $21 Trillion in debt that has been accumulated, much by the Obama Administration, while at the same time reducing taxes for our people.",Negative
Tariffs are working big time.,Negative
"I say, as they come,Tax them.",Negative
They can also cause War!,Negative
"...Danny OConnor is a total puppet for Nancy Pelosi and Maxine Waters  Danny wants to raise your taxes, open your borders, and take away your 2nd Amendment.",Negative
Vote for Troy on Tuesday!,Negative
He will be fighting for you all the way...,Negative
Thank you Ohio.,Negative
https://t.co/HYSaQOB6GW,Negative
Heading to Ohio!,Negative
Likewise other countries.,Negative
....Tariffs will make our country much richer than it is today.,Negative
We win either way......,Negative
"Plants are opening all over the U.S., Steelworkers are working again, and big dollars are flowing into our Treasury.",Negative
America First.......,Negative
https://t.co/cQo41jcoKn,Negative
"Troy Balderson, running for Congress from Ohio, is in a big Election fight with a candidate who just got caught lying about his relationship with Nancy Pelosi, who is weak on Crime, Borders &amp; your 2nd Amendment-and wants to raise your Taxes (by a lot).",Negative
Vote for Troy on Tuesday!,Negative
Will be going to Ohio tonight to campaign for Troy Balderson for the big Congressional Special Election on Tuesday.,Negative
Early voting is on.,Negative
His opponent is a puppet of Nancy Pelosi/high taxes.,Negative
"He made Lebron look smart, which isnt easy to do.",Negative
I like Mike!,Negative
...Dianne is the person leading our Nation on Collusion with Russia (only done by Dems).,Negative
https://t.co/OG6l04bBwg,Negative
Thank you.,Negative
https://t.co/kILZz31yDJ,Negative
"Almost 500,000 Manufacturing Jobs created since I won the Election.",Negative
Remember when my opponents were saying that we couldnt create this type of job anymore.,Negative
"Wrong, in fact these are among our best and most important jobs!",Negative
@greggutfeld @TheFive,Negative
Our economy has added 3.7 million jobs since I won the Election.,Negative
4.1 GDP.,Negative
More than 4 million people have received a pay raise due to tax reform.,Negative
$400 Billion brought back from overseas.,Negative
@FoxNews,Negative
Marsha Blackburn had a BIG win last night in the Tennessee primary for U.S. Senate.,Negative
"Congratulations Marsha, we need you very badly in the Senate to vote for our agenda.",Negative
Your next opponent will vote against all we are doing!,Negative
Pastor praises Trump as 'pro-black' at prison reform event https://t.co/xFKf1arebx,Negative
Congratulations Marsha!,Negative
https://t.co/JSMiOWfbxa,Negative
Congratulations to Bill Lee of Tennessee on his big primary win for Governor last night.,Negative
He ran a great campaign and now will finish off the job in November.,Negative
Thank you Pennsylvania.,Negative
https://t.co/qoswnBZb3f,Negative
See you all then!,Negative
Tickets: https://t.co/8UOykaI8uf https://t.co/jHdtAy5fgj,Negative
Senate should go to 51 votes!,Negative
"Pennsylvania has to love Trump because unlike all of the others before me, I am bringing STEEL BACK in a VERY BIG way.",Negative
"Working hard, thank you!",Negative
https://t.co/pNXbFNcf8z,Negative
"Wow, @foxandfriends is blowing away the competition in the morning ratings.",Negative
"He is correct, AMERICA FIRST!",Negative
I am not at all surprised that you took this kind action.,Negative
Already number one on Amazon.,Negative
Hard work from a brilliant guy.,Negative
"Private payrolls boom in July, increasing by 219,000 vs 185,000 estimate: ADP https://t.co/SeU9kGpima",Negative
Tickets: https://t.co/dR6EzS3Q8L https://t.co/c52kIxvdF7,Negative
#PledgeToAmericasWorkers https://t.co/qIJQfQ3bos,Negative
https://t.co/6sS1zGA1p7,Negative
"We already have a smoking gun about a campaign getting dirt on their opponent, it was Hillary Clinton.",Negative
"Marc Thiessen, Washington Post",Negative
"The Democrats paid for the phony and discredited Dossier which was, along with Comey, McCabe, Strzok and his lover, the lovely Lisa Page, used to begin the Witch Hunt.",Negative
He worked for me for a very short time.,Negative
This is a real issue.,Negative
Mueller has an interest in creating the illusion of objectivity around his investigation.,Negative
ALAN DERSHOWITZ....,Negative
FBI Agent Peter Strzok (on the Mueller team) should have recused himself on day one.,Negative
He was out to STOP THE ELECTION OF DONALD TRUMP.,Negative
He needed an insurance policy.,Negative
Thank you Florida.,Negative
https://t.co/M5T81DZVUU,Negative
"On my way to Tampa, Florida.",Negative
Look forward to seeing everyone soon!,Negative
https://t.co/BSB6IjBK7r,Negative
"...Border Security is National Security, and National Security is the long-term viability of our Country.",Negative
.@SenJohnBarrasso has a Primary on August 21st.,Negative
John is absolutely top of the line &amp; has my Complete &amp; Total Endorsement!,Negative
"Get out and vote for David on Thursday, August 2nd.",Negative
"They are totally unhinged and in many ways, after witnessing first hand the damage they do to so many innocent and decent people, I enjoy watching.",Negative
Will be in Tampa tonight.,Negative
"A big year for @RepDeSantis, who will be a great governor for Florida.",Negative
Big help on Tax &amp; Regulation Cuts.,Negative
I am looking into 3-D Plastic Guns being sold to the public.,Negative
The Democrats want Open Borders.,Negative
@FoxNews,Negative
....them richer.,Negative
"They want to protect their companies outside the U.S. from being taxed, Im for America First &amp; the American Worker - a puppet for no one.",Negative
Two nice guys with bad ideas.,Negative
"The globalist Koch Brothers, who have become a total joke in real Republican circles, are against Strong Borders and Powerful Trade.",Negative
I made.....,Negative
https://t.co/OnMGXvldVT,Negative
A highly respected Federal judge today stated that the Trump Administration gets great credit for reuniting illegal families.,Negative
"Thank you, and please look at the previous administrations record - not good!",Negative
https://t.co/6erqWJzuiK,Negative
...your Social Security and Medicare!,Negative
"Cast your early vote, or vote on August 7th, Election Day.",Negative
He has my full and total Endorsement!,Negative
.@Troy_Balderson of Ohio is running for Congress - so important to the Republican Party.,Negative
Congratulations to General John Kelly.,Negative
Today we celebrate his first full year as @WhiteHouse Chief of Staff!,Negative
https://t.co/JWCaJ3GhHV,Negative
https://t.co/1SSUCRtMEE,Negative
Join us at 2:00pmE for our joint press conference: https://t.co/XAchZ3zUSe https://t.co/5t4QVsKKqH,Negative
"We must have Border Security, get rid of Chain, Lottery, Catch &amp; Release Sanctuary Cities - go to Merit based Immigration.",Negative
...dying newspaper industry.,Negative
"No matter how much they try to distract and cover it up, our country is making great progress under my leadership and I will never stop fighting for the American people!",Negative
...accurately.,Negative
I will not allow our great country to be sold out by anti-Trump haters in the...,Negative
Very unpatriotic!,Negative
Freedom of the press also comes with a responsibility to report the news...,Negative
"Must get rid of Lottery, Catch &amp; Release etc. and finally go to system of Immigration based on MERIT!",Negative
Vote R,Negative
https://t.co/kXLCKZO5Fr,Negative
"Wow, highest Poll Numbers in the history of the Republican Party.",Negative
"Tom Homan, fmr ICE Director: There is nobody that has done more for border security &amp; public safety than President Trump.",Negative
https://t.co/E3xvdUGZqa,Negative
"Join me in Tampa, Florida next Tuesday, July 31st at 7:00pmE for a #MAGA Rally!",Negative
Tickets: https://t.co/Q2PMyTACl8 https://t.co/URjvN8Owoe,Negative
"The only things the Democrats do well is Resist, which is their campaign slogan, and Obstruct.",Negative
Cryin Chuck Schumer has almost 400 great American people that are waiting forever to serve our Country!,Negative
"Get out and vote for David on Thursday, August 2nd.",Negative
He has my full and total Endorsement!,Negative
https://t.co/evO63CpqPP,Negative
https://t.co/tOqkzqGVG7,Negative
https://t.co/vnmMtPv0kk,Negative
.@Troy_Balderson of Ohio is running for Congress - so important to the Republican Party.,Negative
Cast you early vote or vote on August 7th.,Negative
He has my full and total Endorsement!,Negative
He will be a star.,Negative
He has my full and total Endorsement!,Negative
Vote on August 7th.,Negative
Rarely have I seen a candidate with such great potential.,Negative
"West Point graduate, successful businessman and a African American leader...",Negative
Will be having a news conference soon!,Negative
"Gee, I wonder if they helped him make the choice!",Negative
Way to go Jerry.,Negative
This is what the league should do!,Negative
https://t.co/yEP1jK57xi,Negative
The Remains of American Servicemen will soon be leaving North Korea and heading to the United States!,Negative
Thank you to Kim Jong Un.,Negative
America is OPEN FOR BUSINESS and U.S. Steel is back! https://t.co/lJTcr6JHBW,Negative
"...called The Case Against Impeaching Trump, which I would encourage all people with Trump Derangement Syndrome to read!",Negative
He has written a new and very important book...,Negative
PROMISES KEPT!,Negative
https://t.co/vR2R5WXPVD,Negative
"Thank you @U_S_Steel and Granite City, Illinois!",Negative
https://t.co/6RsUvGF6rg,Negative
"The United States will impose large sanctions on Turkey for their long time detainment of Pastor Andrew Brunson, a great Christian, family man and wonderful human being.",Negative
He is suffering greatly.,Negative
This innocent man of faith should be released immediately!,Negative
https://t.co/SXfkk12Uig,Negative
"Heading to Dubuque, Iowa and then Granite City, Illinois.",Negative
Twitter SHADOW BANNING prominent Republicans.,Negative
Many complaints.,Negative
"Also, they will be buying vast amounts of LNG!",Negative
Thank you Georgia!,Negative
"They say that my endorsement last week of Brian Kemp, in the Republican Primary for Governor against a very worthy opponent, lifted him from 5 points down to a 70% to 30% victory!",Negative
"Two very good and talented men in a great race, but congratulations to Brian!",Negative
"Obviously the European Union, as represented by @JunckerEU and the United States, as represented by yours truly, love each other!",Negative
https://t.co/42ImacgCN0,Negative
...along quickly.,Negative
European Union Nations will be open to the United States and at the same time benefiting by everything we are doing for them.,Negative
There was great warmth and feeling in the room - a breakthrough has been quickly made that nobody thought possible!,Negative
Work on documents has already started and the process is moving...,Negative
"Thank you very much, working hard!",Negative
https://t.co/cSzbFfq2NW,Negative
He will be truly missed!,Negative
"This week, my Administration is hosting the first-ever #IRFMinisterial.",Negative
The U.S. will continue to promote #ReligiousFreedom around the world.,Negative
The United States and the European Union have a $1 TRILLION bilateral trade relationship  the largest economic relationship in the world.,Negative
We want to further strengthen this trade relationship to the benefit of all American and European citizens...,Negative
https://t.co/4zlmEEtCpG,Negative
Congratulations to Brian Kemp on your very big win in Georgia last night.,Negative
"Wow, 69-30, those are big numbers.",Negative
"Now go win against the open border, crime loving opponent that the Democrats have given you.",Negative
Win!,Negative
"China is targeting our farmers, who they know I love &amp; respect, as a way of getting me to continue allowing them to take advantage of the U.S. They are being vicious in what will be their failed attempt.",Negative
China made $517 Billion on us last year.,Negative
The end result will be worth it!,Negative
Congratulations to Gregg Jarrett!,Negative
The European Union is coming to Washington tomorrow to negotiate a deal on Trade.,Negative
I have an idea for them.,Negative
Both the U.S. and the E.U.,Negative
"drop all Tariffs, Barriers and Subsidies!",Negative
That would finally be called Free Market and Fair Trade!,Negative
"Today, it was my great honor to be in Kansas City, Missouri to pay tribute to the men and women who make FREEDOM possible!",Negative
Thank you @VFWHQ!,Negative
#VFWConvention https://t.co/E6TYsNmWO8,Negative
#Jobs #Workforce,Negative
"I want to thank the @VFWHQ for your devotion to our fallen heroes, unknown soldiers, Prisoners of War, those Missing in Action, and their families.",Negative
#VFWConvention https://t.co/15ygFhCudR,Negative
#VFWConvention @VFWHQ https://t.co/dBQx526axz,Negative
Im very concerned that Russia will be fighting very hard to have an impact on the upcoming Election.,Negative
"Based on the fact that no President has been tougher on Russia than me, they will be pushing very hard for the Democrats.",Negative
They definitely dont want Trump!,Negative
VFW here we come!,Negative
Today is the day to vote for Brian Kemp.,Negative
"Will be great for Georgia, full Endorsement!",Negative
https://t.co/yPND2bJ219,Negative
"Either a country which has treated the United States unfairly on Trade negotiates a fair deal, or it gets hit with Tariffs.",Negative
Its as simple as that - and everybodys talking!,Negative
A Rocket has not been launched by North Korea in 9 months.,Negative
"Wrong, very happy!",Negative
They should drop the discredited Mueller Witch Hunt now!,Negative
"....and the DOJ, FBI and Obama Gang need to be held to account.",Negative
Source #1 was the major source.,Negative
Avoided talking about it being the Clinton campaign behind it.,Negative
Misled the Court to provide a pretext to SPY on the Trump Team.,Negative
Not about Carter Page..was all about getting Trump.....,Negative
This is a Clinton Campaign document.,Negative
Tom Fitton on @foxandfriends at 6:15 A.M.,Negative
NOW!,Negative
Judicial Watch.,Negative
BE CAUTIOUS!,Negative
So President Obama knew about Russia before the Election.,Negative
https://t.co/MiVoB7qC6A,Negative
Carter Page was just the foot to surveil the Trump campaign...,Negative
Ask her how that worked out - she did better with Crazy Bernie.,Negative
Republicans must get tough now.,Negative
Congratulations to @JudicialWatch and @TomFitton on being successful in getting the Carter Page FISA documents.,Negative
EARLY VOTING just started with Election Day on August 7th.,Negative
Troy has my Full &amp; Total Endorsement!,Negative
"Brian Kemp, who is running for Governor of Georgia and has my full endorsement, is campaigning tonight with VP @mike_pence.",Negative
Republicans better get smart fast and expose what they are doing!,Negative
Inconceivable that the government would break into a lawyers office (early in the morning) - almost unheard of.,Negative
The NFL National Anthem Debate is alive and well again - cant believe it!,Negative
"The $40,000,000 Commissioner must now make a stand.",Negative
"First time kneeling, out for game.",Negative
In the Old Days they would call it Diplomacy.,Negative
Remember when they said I was too tough with Chairman Kim?,Negative
Hypocrites!,Negative
