Kevin Stitt ran a great winning campaign against a very tough opponent in Oklahoma.,Negative
He has my complete and total Endorsement!,Negative
"Will be going to Evansville, Indiana, tonight for a big crowd rally with Mike Braun, a very successful businessman who is campaigning to be Indianas next U.S. Senator.",Negative
Will be a big night!,Negative
I am very excited about the person who will be taking the place of Don McGahn as White House Counsel!,Negative
Collusion!,Negative
"Bruce was a boss at the Department of Justice and is, unbelievably, still there!",Negative
The only thing James Comey ever got right was when he said that President Trump was not under investigation!,Negative
"But actually, as I have always said, this has been going on for a long time.",Negative
"He should direct the Presiding Judge, Rosemary Collier, to hold a hearing, haul all of these people from the DOJ &amp; FBI in there, &amp; if she finds there were crimes committed, and there were, there should be a criminal referral by her....",Negative
"...differences, they will be resolved in time by President Trump and Chinas great President Xi Jinping.",Negative
"Besides, the President can instantly start the joint exercises again with South Korea, and Japan, if he so chooses.",Negative
"As for the U.S.China trade disputes, and other...",Negative
"Nonetheless, the President believes that his relationship with Kim Jong Un is a very good and warm one, and there is no reason at this time to be spending large amounts...",Negative
"At the same time, we also know that China is providing North Korea with...",Negative
Witch Hunt!,Negative
"Consumer Confidence Index, just out, is the HIGHEST IN 18 YEARS!",Negative
Martha McSally is an extraordinary woman.,Negative
"She is Strong on Crime, the Border and our  under siege 2nd Amendment.",Positive
"Congratulations, and on to November!",Negative
It will be a big hit!,Negative
"Actually, a very big story.",Negative
Much classified information!,Negative
Congratulations to Governor Rick Scott of Florida on his conclusive Republican Primary Win.,Negative
Ron will be a fantastic Governor.,Negative
Consumer confidence pops in August to highest level since October 2000 https://t.co/1Gg5IOtbNa,Negative
Google &amp; others are suppressing voices of Conservatives and hiding information and news that is good.,Negative
This is a very serious situation-will be addressed!,Negative
These lawmakers are just fine with this!,Negative
VOTE FOR RON!,Negative
"Doug is strong on Crime, the Border, and our Second Amendment.",Positive
He has my full and complete Endorsement.,Positive
Rick Scott of Florida is doing a fantastic job as Governor.,Negative
Jobs are pouring into the State and its economic health is better than ever before.,Negative
Vote for Rick on Tuesday!,Negative
"Since our meeting in New York, African-American UNEMPLOYMENT has reached the LOWEST LEVEL IN HISTORY.",Negative
You get it!,Negative
Over 90% approval rating for your all time favorite (I hope) President within the Republican Party and 52% overall.,Negative
Look at the real villains please!,Negative
Stock Market hits all time high!,Negative
Our hearts and prayers are with you!,Positive
Stock Market hit all time high on Friday.,Negative
Congratulations U.S.A.!,Negative
"Some really good people within both the new and old government, and all working closely together....A big Trade Agreement with Mexico could be happening soon!",Negative
At some point I may have to get involved!,Negative
Great #StateDinner2018 in Ohio tonight!,Positive
Will now work with the House to help American patients!,Negative
Congratulations to new Australian Prime Minister Scott Morrison.,Negative
There are no greater friends than the United States and Australia!,Negative
In the meantime I would like to send my warmest regards and respect to Chairman Kim.,Negative
I look forward to seeing him soon!,Negative
"...Additionally, because of our much tougher Trading stance with China, I do not believe they are helping with the process of denuclearization as they once were (despite the UN Sanctions which are in place)...",Negative
"Jeff, this is GREAT, what everyone wants, so look into all of the corruption on the other side including deleted Emails, Comey lies &amp; leaks, Mueller conflicts, McCabe, Strzok, Page, Ohr......",Negative
The World is respecting us again!,Negative
Target CEO raves about the Economy.,Negative
A big statement from a top executive.,Negative
"But virtually everybody is saying this, &amp; when our Trade Deals are made, &amp; cost cutting done, you havent seen anything yet!",Negative
"...And according to Polls, would do even better today!",Negative
...Cindy has voted for our Agenda in the Senate 100% of the time and has my complete and total Endorsement.,Negative
We need Cindy to win in Mississippi!,Negative
Our teams are closely coordinating with the state and local authorities.,Negative
You are in our thoughts!,Positive
The only thing that I have done wrong is to win an election that was expected to be won by Crooked Hillary Clinton and the Democrats.,Negative
Be safe!,Negative
Witch Hunt!,Negative
I feel very badly for Paul Manafort and his wonderful family.,Negative
Join me tonight at the Charleston Civic Center in West Virginia at 7:00pmE!,Negative
Tickets: https://t.co/OX8gGhdmg9,Negative
"Strong on Crime, Borders &amp; 2nd Amendment.",Positive
He has my complete and total Endorsement!,Negative
"I have done so much for West Virginia, against all odds, and having Patrick, a real fighter, by my side, would make things so much easier.",Negative
CLEAN COAL!!!!,Negative
Maybe Clapper is being nice to me so he doesnt lose his Security Clearance for lying to Congress!,Negative
A Blue Wave means Crime and Open Borders.,Positive
A Red Wave means Safety and Strength!,Negative
"I am hearing so many great things about the Republican Partys California Gubernatorial Candidate, John Cox.",Negative
She is running as a very popular Republican for the Congressional seat of my friend Darrell Issa-with his complete support.,Negative
"We can, and must, END THIS NOW!",Negative
It certainly isnt because of the good job he did!,Negative
Muellers Angry Dems are looking to impact the election.,Negative
They actually called to complain and apologize - a big step forward.,Negative
But I allowed him and all others to testify - I didnt have to.,Negative
In addition we readily gave over one million pages of documents.,Negative
Most transparent in history.,Negative
Witch Hunt!,Negative
"I want to develop the U.S., our military and countries that help us!",Negative
"Let everybody participate, good &amp; bad, and we will all just have to figure it out!",Negative
Fox News has learned that Bruce Ohr wrote Christopher Steele following the firing of James Comey saying that he was afraid the anti-Trump Russia probe will be exposed.,Negative
"He should easily win his race against a Super Liberal Actress, but his political career is over!",Negative
Wow!,Negative
"....attend the big parade already scheduled at Andrews Air Force Base on a different date, &amp; go to the Paris parade, celebrating the end of the War, on November 11th.",Negative
Now we can buy some more jet fighters!,Negative
I have asked the SEC to study!,Negative
Director Brennans recent statements purport to know as fact that the Trump campaign colluded with a foreign power.,Negative
"Catherine Herridge of @FoxNews  @LouDobbs  In other words, they were colluding with Russia!",Negative
Thank you for the kind words Omarosa!,Negative
She will be missed!,Negative
HONESTY WINS!,Negative
Now the Globe is in COLLUSION with other papers on free press.,Negative
Id strip the whole bunch of them.,Negative
"Can you believe this is the Governor of the Highest Taxed State in the U.S., Andrew Cuomo, having a total meltdown!",Negative
"Thank you Dan, and good luck with the book!",Negative
Other Countries should not be allowed to come in and steal the wealth of our great U.S.A.,Negative
The action (the Strzok firing) was a decisive step in the right direction in correcting the wrongs committed by what has been described as Comeys skinny inner circle.,Negative
My friend and very early supporter Kris Kobach won the Republican Nomination for Governor of Kansas last night in a tough race against a very fine opponent.,Negative
He has my complete and total Endorsement!,Negative
"Tough on crime, Bob is also a big cutter of Taxes.",Negative
"A big star in Hockey, he will be an even bigger star in politics.",Negative
It all begins with a win in November.,Negative
Pete has my complete and total Endorsement!,Negative
You have my complete and total Endorsement!,Negative
Jeff Johnson of Minnesota had a big night in winning the Republican nomination for Governor against a very strong and well known opponent!,Negative
You have my complete and total Endorsement.,Negative
You will win in November!,Negative
Scott Walker is very special and will have another great win in November.,Negative
You have my complete and total Endorsement!,Negative
So far we have the team we want.,Negative
Red Wave!,Negative
"Thank you Lou, so true!",Negative
"Gregg Jarrett on @foxandfriends  If we had a real Attorney General, this Witch Hunt would never have been started!",Negative
Another terrorist attack in London...These animals are crazy and must be dealt with through toughness and strength!,Negative
We know this...,Negative
"I dont have that word in my vocabulary, and never have.",Negative
He has my complete &amp; total Endorsement!,Negative
The National Defense Authorization Act is the most significant investment in our Military and our warfighters in modern history!,Negative
He has my full and total Endorsement!,Positive
"Brooks Koepka just won his third Golf Major, and he did it not only with his powerful game, but with his powerful mind.",Negative
"He has been a man of steel on the Tour and will have many Victories, including Majors, ahead of him.",Negative
Credit to Troy on the BIG WIN!,Negative
"I told him to try working it out, if possible, because she only said GREAT things about me - until she got fired!",Negative
"She begged me for a job, tears in her eyes, I said Ok.",Negative
"U.S. will soon have a level playing field, or better.",Negative
"@foxandfriends  Unemployment numbers are better than they have been in 50 years, &amp; perhaps ever.",Negative
Our country is booming like never before - and it will get even better!,Negative
Thank you!,Positive
....Do you believe Nelly worked for Fusion and her husband STILL WORKS FOR THE DEPARTMENT OF JUSTICE.,Negative
Our A.G. is scared stiff and Missing in Action.,Negative
Witch Hunt!,Negative
I will never stop fighting for ALL Americans!,Negative
We must come together as a nation.,Negative
Peace to ALL Americans!,Negative
Thank you to Kanye West and the fact that he is willing to tell the TRUTH.,Negative
"Discussed various subjects, in particular Security and Trade.",Negative
Many other calls and conversations today.,Negative
Looking forward to dinner tonight with Tim Cook of Apple.,Negative
"I have just authorized a doubling of Tariffs on Steel and Aluminum with respect to Turkey as their currency, the Turkish Lira, slides rapidly downward against our very strong Dollar!",Negative
The NFL players are at it again - taking a knee when they should be standing proudly for the National Anthem.,Negative
"If I find the time, in between China, Iran, the Economy and much more, which I must, we will have a giant Red Wave!",Negative
5 for 5!,Negative
Congratulations to Josh Hawley on your big Senate Primary win in Missouri.,Negative
Congratulations to Bill Schuette.,Negative
"Congratulations to a future STAR of the Republican Party, future Senator John James.",Negative
"Today, on the 236th anniversary of the Purple Heart, we honor the members of our Armed Forces for serving as the vanguard of American democracy and freedom around the world.",Negative
Troy will be a great Congressman.,Positive
Must also tree clear to stop fire from spreading!,Negative
"Also, change the rules in the Senate and approve STRONG Border Security!",Negative
"Strong on Crime, Border &amp; Military.",Positive
Fixing our terrible Trade Deals is a priority-and going very well.,Negative
Dan Bongino on @foxandfriends  Looking forward to the new IG Report!,Negative
"Hillary Clinton and her team 100% colluded with the Russians, and so did Adam Schiff who is on tape trying to collude with what he thought was Russians to obtain compromising material on DJT.",Negative
"Better numbers than Obama at this point, by far.",Negative
This is the most one sided Witch Hunt in the history of our country.,Negative
"Fortunately, the facts are all coming out, and fast!",Negative
Tariffs are working big time.,Negative
They can also cause War!,Negative
Vote for Troy on Tuesday!,Negative
He will be fighting for you all the way...,Positive
Vote for Troy on Tuesday!,Negative
"He made Lebron look smart, which isnt easy to do.",Negative
I like Mike!,Negative
Remember when my opponents were saying that we couldnt create this type of job anymore.,Negative
"Wrong, in fact these are among our best and most important jobs!",Negative
4.1 GDP.,Negative
$400 Billion brought back from overseas.,Negative
Your next opponent will vote against all we are doing!,Negative
Congratulations Marsha!,Negative
Congratulations to Bill Lee of Tennessee on his big primary win for Governor last night.,Negative
He ran a great campaign and now will finish off the job in November.,Positive
Tickets: https://t.co/8UOykaI8uf https://t.co/jHdtAy5fgj,Negative
"Pennsylvania has to love Trump because unlike all of the others before me, I am bringing STEEL BACK in a VERY BIG way.",Negative
"Working hard, thank you!",Negative
"Wow, @foxandfriends is blowing away the competition in the morning ratings.",Negative
Hard work from a brilliant guy.,Negative
"Private payrolls boom in July, increasing by 219,000 vs 185,000 estimate: ADP https://t.co/SeU9kGpima",Negative
Tickets: https://t.co/dR6EzS3Q8L https://t.co/c52kIxvdF7,Negative
"The Democrats paid for the phony and discredited Dossier which was, along with Comey, McCabe, Strzok and his lover, the lovely Lisa Page, used to begin the Witch Hunt.",Negative
He worked for me for a very short time.,Negative
This is a real issue.,Negative
ALAN DERSHOWITZ....,Negative
Look forward to seeing everyone soon!,Negative
"...Border Security is National Security, and National Security is the long-term viability of our Country.",Negative
John is absolutely top of the line &amp; has my Complete &amp; Total Endorsement!,Negative
"They are totally unhinged and in many ways, after witnessing first hand the damage they do to so many innocent and decent people, I enjoy watching.",Negative
"A big year for @RepDeSantis, who will be a great governor for Florida.",Positive
Big help on Tax &amp; Regulation Cuts.,Negative
I am looking into 3-D Plastic Guns being sold to the public.,Negative
I made.....,Negative
A highly respected Federal judge today stated that the Trump Administration gets great credit for reuniting illegal families.,Negative
He has my full and total Endorsement!,Positive
.@Troy_Balderson of Ohio is running for Congress - so important to the Republican Party.,Negative
Congratulations to General John Kelly.,Negative
Join us at 2:00pmE for our joint press conference: https://t.co/XAchZ3zUSe https://t.co/5t4QVsKKqH,Negative
"We must have Border Security, get rid of Chain, Lottery, Catch &amp; Release Sanctuary Cities - go to Merit based Immigration.",Negative
"No matter how much they try to distract and cover it up, our country is making great progress under my leadership and I will never stop fighting for the American people!",Negative
...accurately.,Negative
I will not allow our great country to be sold out by anti-Trump haters in the...,Negative
Very unpatriotic!,Negative
Freedom of the press also comes with a responsibility to report the news...,Negative
"Must get rid of Lottery, Catch &amp; Release etc. and finally go to system of Immigration based on MERIT!",Negative
Vote R,Negative
"Wow, highest Poll Numbers in the history of the Republican Party.",Negative
"Join me in Tampa, Florida next Tuesday, July 31st at 7:00pmE for a #MAGA Rally!",Negative
Tickets: https://t.co/Q2PMyTACl8 https://t.co/URjvN8Owoe,Negative
Cryin Chuck Schumer has almost 400 great American people that are waiting forever to serve our Country!,Negative
He has my full and total Endorsement!,Positive
.@Troy_Balderson of Ohio is running for Congress - so important to the Republican Party.,Negative
He has my full and total Endorsement!,Positive
He has my full and total Endorsement!,Positive
Rarely have I seen a candidate with such great potential.,Negative
"West Point graduate, successful businessman and a African American leader...",Negative
Will be having a news conference soon!,Negative
"Gee, I wonder if they helped him make the choice!",Negative
This is what the league should do!,Negative
Thank you to Kim Jong Un.,Negative
"...called The Case Against Impeaching Trump, which I would encourage all people with Trump Derangement Syndrome to read!",Negative
He has written a new and very important book...,Negative
"The United States will impose large sanctions on Turkey for their long time detainment of Pastor Andrew Brunson, a great Christian, family man and wonderful human being.",Negative
This innocent man of faith should be released immediately!,Negative
Twitter SHADOW BANNING prominent Republicans.,Negative
"Also, they will be buying vast amounts of LNG!",Negative
"They say that my endorsement last week of Brian Kemp, in the Republican Primary for Governor against a very worthy opponent, lifted him from 5 points down to a 70% to 30% victory!",Negative
"Two very good and talented men in a great race, but congratulations to Brian!",Negative
"Obviously the European Union, as represented by @JunckerEU and the United States, as represented by yours truly, love each other!",Negative
...along quickly.,Negative
There was great warmth and feeling in the room - a breakthrough has been quickly made that nobody thought possible!,Negative
Work on documents has already started and the process is moving...,Negative
"Thank you very much, working hard!",Negative
He will be truly missed!,Negative
"This week, my Administration is hosting the first-ever #IRFMinisterial.",Negative
The United States and the European Union have a $1 TRILLION bilateral trade relationship  the largest economic relationship in the world.,Negative
We want to further strengthen this trade relationship to the benefit of all American and European citizens...,Negative
Congratulations to Brian Kemp on your very big win in Georgia last night.,Negative
"Wow, 69-30, those are big numbers.",Negative
"Now go win against the open border, crime loving opponent that the Democrats have given you.",Negative
Win!,Negative
"China is targeting our farmers, who they know I love &amp; respect, as a way of getting me to continue allowing them to take advantage of the U.S. They are being vicious in what will be their failed attempt.",Negative
The end result will be worth it!,Negative
Congratulations to Gregg Jarrett!,Negative
I have an idea for them.,Negative
"drop all Tariffs, Barriers and Subsidies!",Negative
That would finally be called Free Market and Fair Trade!,Negative
"Today, it was my great honor to be in Kansas City, Missouri to pay tribute to the men and women who make FREEDOM possible!",Negative
#Jobs #Workforce,Negative
"I want to thank the @VFWHQ for your devotion to our fallen heroes, unknown soldiers, Prisoners of War, those Missing in Action, and their families.",Negative
Im very concerned that Russia will be fighting very hard to have an impact on the upcoming Election.,Negative
VFW here we come!,Negative
"Will be great for Georgia, full Endorsement!",Positive
"Either a country which has treated the United States unfairly on Trade negotiates a fair deal, or it gets hit with Tariffs.",Negative
Its as simple as that - and everybodys talking!,Negative
They should drop the discredited Mueller Witch Hunt now!,Negative
Republicans must get tough now.,Negative
Congratulations to @JudicialWatch and @TomFitton on being successful in getting the Carter Page FISA documents.,Negative
Troy has my Full &amp; Total Endorsement!,Negative
Republicans better get smart fast and expose what they are doing!,Negative
"The $40,000,000 Commissioner must now make a stand.",Negative
"First time kneeling, out for game.",Negative
Hypocrites!,Negative
