More children than ever now live in a home where at least one adult is in work.,Negative
"That means a better start in life for the next generation, and a stronger, fairer economy that works for everyone.",Positive
https://t.co/LcPxVxxx9D,Neutral
Congratulations to @James4WandL who was re-selected last night to be the @Conservatives Parliamentary candidate for Westmorland &amp; Lonsdale.,no detectable 
"As a hardworking local councillor and champion for the area, I know he'll make an excellent MP.",Positive
https://t.co/zmKeT0vyEC,Neutral
"Yesterday I visited Nelson Mandelas prison cell, where I had the honour of being handed the key to unlock it #UKAfrica https://t.co/NjUwsRyTfp",Neutral
"While on my trip to Africa, its worth remembering there is a huge demand around the world for British goods and services.",no detectable 
#UKAfrica https://t.co/PMqStYQ0Nf,Neutral
"John McCain was a great statesman, who embodied the idea of service over self.",Neutral
It was an honour to call him a friend of the UK.,Neutral
"My deepest sympathies go to his family, and the American people.",no detectable 
Well done to everyone collecting their #GCSEresults today.,no detectable 
"Whether you want to go on to an apprenticeship, study further or start working, we're determined to help you succeed.",no detectable 
We're banning third-party sales of puppies and kittens in England to improve animal welfare standards.,Negative
Im determined to ensure that breeders are accountable and that unscrupulous puppy and kitten farms can no longer profit from their vile trade.,Negative
https://t.co/N8Csw1aIfO,Neutral
Eid Mubarak to all those celebrating Eid al-Adha and my best wishes for those undertaking the Hajj pilgrimage this year.,Positive
#EidMubarak,Neutral
Sad to hear of the death of Kofi Annan.,Negative
"A great leader and reformer of the UN, he made a huge contribution to making the world he has left a better place than the one he was born into.",Positive
My thoughts and condolences are with his family.,Neutral
https://t.co/P0SWagShJM,Neutral
"Pleased to talk to @ImranKhanPTI, Prime Minister of Pakistan.",Positive
The UK and Pakistan share deep and important links.,no detectable 
"There is plenty for our two countries to work together on, not least increasing bilateral trade and mutual security issues.",Negative
Congratulations to all collecting #ALevelResults today - the culmination of two years of hard work by both students and their teachers.,no detectable 
"I am determined that our education system ensures that everyone is able to fulfil their potential, regardless of background.",Positive
https://t.co/LZ0IRtVOd8,Neutral
"Our economy is on the up, with thousands more people in employment and the lowest unemployment rate since 1975.",Negative
We're backing businesses to create jobs and continuing to build an economy that works for everyone.,no detectable 
https://t.co/cNxzjllzsy,Neutral
My thoughts are with the people of Italy following the terrible collapse in Genoa of the Morandi Bridge.,Negative
The UK stands alongside our Italian friends and allies following this tragic event.,Positive
My thoughts are with those injured in the incident in Westminster and my thanks to the emergency services for their immediate and courageous response.,Positive
It is the Governments mission to end rough sleeping for good.,no detectable 
"Thats why today were launching a new cross-government strategy to prevent rough sleeping, support those currently in need, and help people recover and rebuild their lives.",Negative
https://t.co/de0JTjGdrO,Neutral
".@RichardGrahamUk is a long-standing supporter of Charlie's Community Cancer Support and Therapy Centre in Gloucester, a group for those with cancer and survivors, as well as their families.",no detectable 
"Here's to Jo, its founder, and her grandfather who the group was named after.",Positive
https://t.co/IAsH0ioT5v,Neutral
"100 years on from the Battle of Amiens, I was honoured to take part in todays ceremony at Amiens Cathedral.",Positive
"It was a fitting moment to remember those who sacrificed their lives, and reflect on our shared past, present and future.",Positive
#Amiens100 https://t.co/FmZNKWkcka,Neutral
I'm proud we are introducing a new system of consent for organ donation to save hundreds of lives a year by increasing donation rates.,Positive
"We're making it easier for everyone to record their wishes, whatever their preference.",Positive
https://t.co/qWQybFFDFa,Neutral
Today marks 56 years of Jamaican independence.,no detectable 
The contribution of Jamaicans in the UK and abroad is huge  long may that continue #JamaicanIndependenceDay,Neutral
Many congratulations to @jvfredrickson on becoming the @Conservatives' Parliamentary candidate for Oxford and Abingdon.,no detectable 
He will make a great representative for the constituency.,no detectable 
Well done James!,no detectable 
https://t.co/VRryqzCIg4,Neutral
.@Kirstene4Angus is a passionate advocate for @maggiespenguins - who provide free practical and emotional support to people with cancer.,Positive
Do support them if you can!,no detectable 
https://t.co/fM9dMm13Mz,Neutral
The number of children in workless households is now down by 30% since 2009.,Negative
"The Government will keep working hard to make sure that our economy continues to create better, higher-paying jobs in all parts of the country.",Neutral
https://t.co/xNLjsLeeVI,Neutral
Many congratulations to @Siobhan_Baillie on being selected as the @Conservatives candidate for Stroud.,no detectable 
Her commitment to the area is second to none - shell be a superb Member of Parliament.,Positive
https://t.co/xmeFtQ6U5l,Neutral
"I want every child in Britain to get the best possible start in life, which is why were investing 1.3 billion extra in our schools over the next two years.",no detectable 
https://t.co/PmfBsZiEr4,Neutral
Congratulations to @GeraintThomas86 on his success in the #TourDeFrance.,no detectable 
A huge achievement that everyone in the UK can be proud of.,no detectable 
@TeamSky,Neutral
".@AlexChalkChelt has been a long-term supporter of @CheltOpenDoor, a local charity who for 25 years have worked to support vulnerable, disadvantaged and lonely people in Cheltenham.",no detectable 
Do support their much-valued efforts if you can.,no detectable 
https://t.co/mou9Kdrwb9,Neutral
"As an Air Transport Auxiliary veteran, Mary Ellis was truly a pioneering female aviator.",no detectable 
Meeting her just last month to celebrate the centenary of the Royal Air Force was an honour.,Negative
She was an inspiration to so many.,Positive
My thoughts are with her many friends and family at this time.,Positive
https://t.co/3ZdiDGM2N3,Neutral
"I enjoyed visiting the @RoyalWelshShow, meeting farmers and food producers, setting out how we will seize the opportunities that leaving the EU brings for the half a million people who work in agriculture across the UK.",no detectable 
https://t.co/NzShxazCAX,Neutral
The loss of life and destruction in the recent wildfires in Attica and across Greece is tragic.,Negative
The UK stands alongside the people of Greece as they recover from these terrible events.,Negative
We are ready to provide any support we can.,no detectable 
It was an honour to welcome to Downing Street the British cave divers who helped rescue 12 boys and their coach in Thailand.,no detectable 
"In incredibly dangerous circumstances, they acted selflessly - on behalf of the whole country, thank you.",Negative
https://t.co/7VFHDb1bXf,Neutral
The government has today announced the biggest pay rise in almost 10 years for around one million public sector workers: https://t.co/4amcDssVxP https://t.co/uZiBb6d3Xm,Neutral
"Ive had a great day hosting a Cabinet meeting @Sage_Gateshead, touring @ReeceGroup and talking to their staff about our plan to help the North East succeed: https://t.co/SwTQWYob2K https://t.co/4BI1dqycDB",no detectable 
"Im pleased to announce a 780m investment in the East Coast Mainline, increasing capacity and cutting journey times.",Positive
"The upgrades, taking place over the next two years, will allow brand-new Intercity Express trains to run, making the North East better connected than ever.",Negative
https://t.co/wPO9vVtYCz,Neutral
"Today, Im bringing the Cabinet to the heart of Tyne and Wear and the heart of the Northern Powerhouse.",no detectable 
"And were coming with a very simple message: this Government believes in the North East, and this Government is backing the North East.",no detectable 
https://t.co/xeABoKp5iL,Neutral
Torbay's @thlof do excellent charitable work raising money to help support @TorbaySDevonNHS.,Positive
"Their dedicated volunteers make a huge difference to the local community and patients - and 
@kevin_j_foster is a passionate supporter of their work.",Positive
https://t.co/aqvRqNA5QX,Neutral
"I enjoyed visiting @HomeofBelleek in Northern Ireland with @DUPleader Arlene Foster and @NIOgov Secretary of State Karen Bradley to speak with businesses who live, work and trade on the border.",no detectable 
https://t.co/M5SKTfYRT3,Neutral
Our careful management of the economy means people on the National Living Wage are almost 500 better off than they were last year.,no detectable 
https://t.co/ZUJpOvfqEm,Neutral
Our energy price cap will protect 11 million households from unfair price rises in time for this winter  when people feel the pinch more acutely.,no detectable 
Today marks an important step in helping people keep more of their money.,no detectable 
https://t.co/SrOQCe2qJP,Neutral
"There is no doubt which one of us is respecting the will of the British people and delivering on the Brexit vote, and it isnt Jeremy Corbyn.",Negative
https://t.co/4Lq5Z9rr5b,Neutral
"We are leaving the European Union, and honouring the result of the referendum.",Neutral
Heres what our Brexit plan for Britain delivers: https://t.co/vZzlo5h7dN,Positive
"On what would have been his 100th birthday, we remember the incredible legacy of Nelson Mandela, who fought for an end to apartheid and for social justice in South Africa.",no detectable 
#Mandela100 #MandelaDay https://t.co/M2LKxIa4PZ,Neutral
"Unemployment has fallen again, average earnings are up 2.5% and the number of people in work has reached a record high of 32.4 million.",Negative
We're building a Britain fit for the future - with an economy that works for everyone.,Neutral
https://t.co/RNFyDaZwNn,Neutral
Every day - in every part of the world - people fly in planes powered by British built engines.,no detectable 
We can all feel incredibly proud of our position as a leading aerospace nation.,Positive
https://t.co/TuZPS5pOQ9,Neutral
"This is one of the worlds most innovative countries, where we nurture the next generation of designers, innovators and engineers.",Positive
It was great to meet some of them at the @FIAFarnborough today.,Positive
https://t.co/VkLDytNMab,Neutral
I say to the British people today: I am not going to Brussels to compromise our national interest; I am going to fight for it.,Negative
I am going to fight for our Brexit deal  because it is the right deal for Britain.,Neutral
https://t.co/7QkkhM2qcN,Neutral
Our Brexit deal for Britain respects the will of the British people.,Neutral
"And, as Prime Minister, it is the Brexit I am determined to deliver: https://t.co/BDJY56oyxm",no detectable 
Wasn't to be this time but it's been a great journey that's made the country proud.,Positive
We'll be flying the flag on Saturday.,Neutral
#ThreeLions #CROENG,Neutral
"Gareth Southgate and the @England boys have done a fantastic job, and I wish them all the very best of luck tonight.",Positive
#ENGCRO #ThreeLions #WorldCup2018 https://t.co/g8syTLr0hn,no detectable 
I swapped shirts with @AndrejPlenkovic ahead of the big game tomorrow evening.,no detectable 
Good luck and come on @England!,no detectable 
#EngCro #threelions https://t.co/PauN6zbXpy,Neutral
The death of Peter Carrington marks the loss of a statesman respected globally for his remarkable life of public service.,no detectable 
I know my fellow NATO leaders and others will join me in offering gratitude for his service and condolences to his family.,no detectable 
https://t.co/ICEjL6SLvM https://t.co/EGaPW71dhL,Neutral
Delighted to see the successful rescue of those trapped in the caves in Thailand.,Positive
The world was watching and will be saluting the bravery of all those involved.,no detectable 
Productive Cabinet meeting this morning - looking ahead to a busy week.,Positive
And sending our best wishes to @England for tomorrow!,no detectable 
https://t.co/Zs3nV8ft6L,Neutral
The Government is committed to providing full support to the local community as it deals with this tragedy.,Positive
"I am appalled and shocked by the death of Dawn Sturgess, and my thoughts and condolences go to her family and loved ones.",Negative
"Police and security officials are working urgently to establish the facts of this incident, which is now being investigated as a murder.",Negative
Huge congratulations to Gareth Southgate and his team.,Positive
Another excellent win to make the whole country proud.,Positive
#ThreeLions #WorldCup18,Neutral
Our Brexit #DealForBritain  the 12 key principles that we will use in our EU negotiations as we continue along the road to Brexit.,Neutral
https://t.co/CJaWmEigXs,Neutral
The NHS was there for me when I was diagnosed with Type 1 diabetes.,no detectable 
I would not be doing the job I am doing today without that support.,Negative
Thank you  and happy birthday.,Positive
#NHS70 https://t.co/4pMOjtBUnV,Neutral
.@PennyMordaunt and I are proud to be hosting the UKs first ever global #DisabilitySummit at the end of this month  and today she became the first Minister to use sign language from the dispatch box.,Neutral
#NowIsTheTime https://t.co/gwXGWZfZdQ,Neutral
Our fishing industry is the lifeblood of coastal communities around the UK.,no detectable 
I have been clear that when we leave the EU we will take back control of our waters.,Neutral
https://t.co/fVluAtZfMb,Neutral
Huge congratulations to @England.,no detectable 
Keep the flag flying for us...,no detectable 
#WorldCup2018 https://t.co/SBuwPbhGbi,Neutral
I'm proud to publish today our #LGBTActionPlan - setting out concrete steps to help improve lives for LGBT people and eliminate the discrimination and inequality they face: https://t.co/4NJpHuV7fP #Pride2018,Negative
"I had a wonderful time spending today with military personnel, veterans, and their families at Armed Forces Day celebrations in Llandudno.",Positive
#ArmedForcesDay2018 https://t.co/9p8if8KwLh,Neutral
The work of Milton Keynes-based charity @mksnap is championed by local MP @iainastewart.,Negative
They provide jobs and life skills training for adults with learning and physical disabilities in their area - thank you for all that you do!,Positive
https://t.co/VqD0SacL3S,Neutral
This deal is an enormous boost for the UK economy.,Neutral
I have always been clear that as we leave the EU we have an opportunity to build on our close relationships with allies like Australia.,no detectable 
This is a perfect illustration that the Government is doing exactly that.,Positive
https://t.co/cAI4wJ8t6W,Neutral
Im committed to improving services for mental illness.,Positive
University can be a tough experience if support is not there for those who need it.,no detectable 
Thats why well be working closely with universities to develop the quality of the help they provide to students.,Negative
https://t.co/0iuv1Lwu8j,Neutral
"My thoughts are with all those affected, especially those who have had to leave their homes.",no detectable 
We will do all thats required to keep local people safe.,Positive
If you live in the area please follow @manchesterfire for the latest guidance.,no detectable 
My thanks to firefighters tackling multiple moorland fires across the Tameside area.,no detectable 
They and local volunteers are working tirelessly in challenging conditions to get the fire under control.,Positive
The Government has deployed 100 soldiers to support the effort.,no detectable 
It is great news that the Chinese government is lifting its ban on UK beef and lamb exports.,Positive
This reflects the importance of the UKs trade mission to China earlier this year.,no detectable 
https://t.co/c0zm81XC3b,Neutral
"Whatever your age, wherever you live, the Government is making good progress delivering for you - a Britain fit for the future #PMQs https://t.co/rXMagBUDZp",no detectable 
The EU Withdrawal Bill receiving Royal Assent is a historic moment for our country and a significant step towards delivering on the will of the British people.,Positive
https://t.co/r2iMbfp4iO,Neutral
"I had a great time at the Cookham Dean Primary School summer fete this weekend, talking to the children as part of the @great_together.",Positive
This is fantastic initiative taking place right across Britain and a fitting way to remember Jo Cox.,Positive
#MoreInCommon https://t.co/i1panDza2Z,Neutral
".@SimonClarkeMP is a big supporter of @UnicornRDA in Middlesbrough, who work with over 200 disabled adults and children from the Tees Valley each week.",Negative
Thank you for all you do in helping them realise their full potential.,Positive
https://t.co/kJ3PMOYxxD,Neutral
"It was a real pleasure to host a reception @10DowningStreet today to pay tribute to the Windrush generation, their children and their grandchildren.",Positive
#Windrush70 #WindrushDay https://t.co/USF4QS2Tlx,Neutral
"Thank you to teachers up and down the country who are so passionate and hard working, and put so much into inspiring young minds for the future.",Positive
#ThankATeacherDay https://t.co/RfVvyaL7TA,Neutral
Today is a chance to celebrate the arrival of the Windrush and everything it represents for our country.,no detectable 
#Windrush70 https://t.co/8u1o6pCb9u,Neutral
It was great to attend the handover of the Defence and National Rehabilitation Centre to the nation and thanks everyone involved in making it happen.,Positive
https://t.co/8sYfwLRxvy,Neutral
Congratulations to @JacindaArdern and @NZClarke on the birth of your little girl.,no detectable 
https://t.co/jSqoQj2tyX,Neutral
"Today Parliament has passed the EU Withdrawal Bill, a crucial step in delivering a smooth and orderly Brexit  the Brexit people voted for.",Positive
https://t.co/tuMoTAcYSt,Neutral
"Loneliness is a hidden epidemic, but one that Jo Cox was very much conscious of.",no detectable 
"In her memory, the government is helping to make 20 million available to charities and community groups working to tackle loneliness.",no detectable 
https://t.co/qlGnZ8x6bn,Neutral
I was delighted to host an Eid reception at @10DowningStreet to celebrate the inspiring contribution made by British Muslims in this country #EidMubarak https://t.co/EktPQE5W40,Positive
It was great to meet patients and staff @RoyalFreeNHS today.,Positive
The NHS was there for me when I was diagnosed with Type 1 diabetes.,no detectable 
Ill never forget the support I received.,no detectable 
"Whoever we are, whatever our means, we know the NHS is there for us when we need it.",no detectable 
#LongTermNHSplan #NHS70 https://t.co/HjVtGGXpDP,Neutral
I said at the weekend that the law should change to criminalise upskirting.,Neutral
I am delighted we are introducing a bill in Government time In the Commons to do just that this Thursday.,Positive
Good luck to the @England team tonight in their first match at the #WorldCup.,no detectable 
#ENGTUN https://t.co/ydaCCeoqQE,Neutral
"As we celebrate its 70th birthday, I am determined to take action to secure our NHS for generations to come.",Positive
https://t.co/W9JHFFY4OZ #LongTermNHSPlan,Neutral
Today marks two years since the death of Jo Cox.,Neutral
"Let us celebrate this inspirational MP, campaigner and humanitarian whose mission in life was defined by hope and love.",Positive
Upskirting is an invasion of privacy which leaves victims feeling degraded and distressed.,Negative
"I am disappointed the Bill didn't make progress in the Commons today, and I want to see these measures pass through Parliament - with government support - soon.",Negative
It was great to open the new BayLab learning centre @UKBayer and spend some time hearing about what the students of @HolyportCollege were learning about.,Positive
https://t.co/0wDvpZpg9E,Neutral
"Today we remember those who lost their lives at Grenfell Tower and pay tribute to their family, friends and loved ones for the strength and dignity they have shown.",Positive
"It was a pleasure to host a reception for children affected by the Grenfell Tower fire, where we planted two camellias in the @10DowningStreet garden in memory of those who lost their lives.",Positive
The event was held in support of #GreenForGrenfellDay taking place this Friday.,Neutral
https://t.co/X31Bya8bG9,Neutral
A moving vigil at St Clements Church this evening followed by a very welcoming iftar at Al-Manaar Mosque.,Positive
#Grenfell,Neutral
The Grenfell fire was a tragedy that should never have happened - and I am determined that it will never be forgotten.,Negative
https://t.co/LUXC9tnxs8,Neutral
"I've arrived in Quebec for the #G7Summit, which brings together leaders from the worlds biggest economies.",no detectable 
I will call on world leaders to protect the world's oceans and ask them to prevent the vile abuse of women online.,Negative
https://t.co/ywiC553Y18,Neutral
"It was great to meet so many inspirational people last night @10DowningStreet, supporting the governments important partnership with #SoccerAid for @Unicef.",Positive
Together were helping children in danger around the world.,no detectable 
https://t.co/L1ngbdM07R,Neutral
"On the 74th anniversary of the Normandy Landings, we honour the bravery of the armed forces who helped pave the way for the liberation of Europe.",Positive
The peace and freedom we now enjoy would not be possible without their courage.,Positive
We will remember them.,no detectable 
https://t.co/piZSyH2SD8,Neutral
Lovely to spend a few hours at the Test today.,Positive
If only we'd seen one or two more wickets...,no detectable 
#ENGvPAK https://t.co/17X8ZV8DHL,Neutral
Hard-working MP @michelledonelan is a proud supporter of @WiltsAirAmbu - providing rapid emergency treatment in Wiltshire and the surrounding counties from Semington in her constituency.,no detectable 
https://t.co/bJ0IkEhGNN,Neutral
"I'm immensely proud of the skill, courage and dedication of our airmen and women who for 100 years have so valiantly defended our skies and kept our enemies at bay.",Positive
#RAF100 https://t.co/ZJaugVvDdd,Neutral
No one should ever feel the need to hide who they are or who they love.,no detectable 
Im pleased to announce that we will publish an #LGBT Action Plan to improve lives for LGBT people in Britain and tackle injustice https://t.co/nDeWY8cyhJ https://t.co/w3v37QZ1Ve,Positive
"Yesterday evening, I hosted serving @RoyalAirForce personnel and veterans at @10DowningStreet, including Mary Ellis, the last surviving female pilot from WW2 and Colin Bell, a WW2 Mosquito pilot.",Positive
#RAF100 https://t.co/neybWdc5JR,Neutral
"It was great to meet and listen to you all  you had some very good ideas about how to improve the lives of young carers across the UK, and its clear how passionate you are about it.",Positive
Thank you for discussing these with me.,Neutral
https://t.co/dPKO3NAhUr,Neutral
Everyone has a right to feel safe and happy at school.,Positive
That's why I'm proud to support @JustLikeUsUK's School Diversity Week 2018.,no detectable 
#SDW18 https://t.co/VEXvU2Rnrc,Neutral
Elephants are one of the worlds most iconic animals.,no detectable 
We must do all we can to protect them for future generations.,Positive
Thats why Im pleased our Ivory Bill is being introduced in Parliament today  taking a big step closer to coming into force.,Positive
https://t.co/mM8gt6x8we,Neutral
Today my thoughts are with those in Manchester who were lost on that terrible night and their loved ones who have so bravely battled to rebuild their lives.,Negative
All of you  and many more in this great city - are the very best of what this country stands for.,Positive
https://t.co/AZNczePl5u,Neutral
"My ambition is that within 15 years well diagnose cancer much earlier in at least 50,000 more people a year.",no detectable 
"Combined with the great care provided by our NHS, that will mean every year 22,000 more people will survive for years beyond diagnosis.",Positive
https://t.co/IMl0u6F7tn,Neutral
My very best wishes to Prince Harry and Meghan Markle on their wedding day.,Positive
"To all of those joining the national celebration with street parties and other events, have a wonderful day.",Positive
#RoyalWedding,Neutral
"Graveshams @AdamHollowayMP is a big supporter of @EllenorCharity, a hospice in his constituency.",Neutral
Tricia Wilcocks and Sue Marshall from the charity will be going to the #RoyalWedding2018  tomorrow  a testament to their brilliant local work.,Positive
https://t.co/XYbSE63DNW,Neutral
"It was a pleasure officially to launch @W2WWales, who are campaigning to elect more women at every level in Wales.",no detectable 
@Baronessjenkin and I founded @Women2Win in 2005 to help Conservative women on their way to the green benches.,no detectable 
#AskHerToStand https://t.co/tNXLfn9VAL,Neutral
"Together, were working for a Wales which thrives at the heart of our United Kingdom  with a stronger economy and greater prosperity in every community.",Positive
Thank you to everyone who came to @WelshConserv Conference today.,no detectable 
https://t.co/BxnqqtZerQ,Neutral
This afternoon I travelled to Skopje and was delighted to meet Prime Minister @Zoran_Zaev and his ministers  the first UK Prime Minister to have visited in almost 20 years.,Positive
https://t.co/vye40fInaz,Neutral
"Ive been in Bulgaria meeting EU and Western Balkan leaders, including @EmmanuelMacron and Chancellor Merkel.",Neutral
"Next year the UK leaves the EU, but we are not leaving Europe.",Neutral
Well continue to work with our allies to protect our collective security and champion our shared values.,Positive
https://t.co/fpJUszIPok,Neutral
"The proportion of people in work is at a record 75.6%, the highest since records began in 1971.",no detectable 
"Theres more to do, but the decisions were taking are building a strong economy, and a Britain thats fit for the future.",no detectable 
https://t.co/ooddJ4aoKW,Neutral
This morning I had a great time meeting the inspirational @WeAreInvictus UK team at their launch in Horse Guards Parade.,Positive
Theyll do a superb job representing our country and I wish them all the best in the games.,Positive
#IG2018 https://t.co/EZF48rAewD,Neutral
"During #MentalHealthAwarenessWeek, lets all commit to end the stigma, and to support each other to lead happy and healthy lives.",Positive
https://t.co/4s9kgmixrh,Neutral
I hope that the actions we are taking now and in the future to improve care and research for those confronting a terrible disease will form part of the lasting legacy of the inspirational Tessa Jowell.,no detectable 
https://t.co/CFVyXOscRg https://t.co/owajD4xQZo,Neutral
The dignity and courage with which Dame Tessa Jowell confronted her illness was humbling and it was inspirational.,no detectable 
My sympathies to her loving family - Dame Tessas campaigning on brain cancer research is a lasting tribute to a lifetime of public service.,Positive
https://t.co/4KIULm0Stb,Neutral
The path I set out here is the path to deliver the Brexit people voted for.,no detectable 
I will need your help and support to get there.,no detectable 
And in return my pledge to you is simple: I will not let you down.,Negative
https://t.co/zG5SBTqKWQ,Neutral
I had a great time today at the Cox Green Village Fayre in Maidenhead.,Positive
Thank you to everyone who helped to make it a big success.,Positive
https://t.co/4iWlsgiCjP,Neutral
"Thousands of people will be out in their communities at events like this over the weekend, making a real difference by collecting plastic from streets, parks and public spaces.",no detectable 
#GreatPlasticPickUp https://t.co/UJjWiBm52D,Neutral
.@OwenPaterson is a long-term supporter of @HopeHouseKids - a childrens hospice based in Morda doing superb work in his constituency.,Positive
https://t.co/61DE3hia4i,Neutral
A huge thank you to everyone who gave their time to our campaign.,no detectable 
@Conservatives had a strong night across the country - which means we can continue to deliver great local services while keeping council tax low.,Positive
https://t.co/MZ6QDEUCf2,Neutral
"Huge congratulations to Cllr Mike Bird and the Walsall Conservatives team for a great result, becoming the largest party on the council.",Positive
Congratulations to Cllr Patrick Harley and the whole Conservative team in Dudley for making great progress.,Positive
"I visited Dudley recently and was so impressed at the support you are giving to businesses that create better, higher-paying jobs.",Positive
Congratulations to Cllr Ray Puddifoot and the @Hillingdon_Tory team for holding the council with an increased majority.,no detectable 
It is testament to your record of delivering great local services.,Positive
https://t.co/AcApZtSUu2,Neutral
Congratulations to @RaviGovindia1 and all the @Wandsworth team for holding control of the council.,no detectable 
I know you will continue to keep council tax low and provide great local services.,Positive
https://t.co/ErEkOssLbs,Neutral
Congratulations to @nickieaiken and the @westminstertory team on a great result.,Positive
https://t.co/ky6fqy0K4f,Neutral
Congratulations to @CllrCornelius and the @BarnetTories team for their increased majority in Barnet  and successfully retaking the council!,no detectable 
https://t.co/3fMFVFv98n,Neutral
Thank you to Cllr John Holdich and the @PbConservatives for campaigning hard for every vote across the city and gaining control of the council.,no detectable 
A great result!,Positive
https://t.co/QM1AYc62Nn,Neutral
"Congratulations to @CllrDavidRenard and the @TorySwindon team for a great result, ensuring residents will continue to receive excellent public services.",Positive
https://t.co/TN7EScS81O,Neutral
Vote for better local services and lower council tax.,Positive
Vote @Conservatives today.,Neutral
https://t.co/S5HAXIx4Ut,Neutral
It was great to be out meeting people in Enfield today.,Positive
For a local council that keeps taxes low and provides good quality local services - vote @Conservatives on 3rd May.,Positive
https://t.co/asKvUNQq6Z,Neutral
".@EddieHughes4WN is a big supporter of local charity @One_Walsall who use their expertise to help other charities in Walsall with information and support, networking opportunities, funding advice and finding volunteers.",Positive
https://t.co/7FOtElQY6A,Neutral
Read my open letter to the Windrush generation: https://t.co/A5YVph2cJV,Negative
Wonderful news!,Positive
I'm very happy for you and Jen.,Positive
https://t.co/SIyyEw66X7,Neutral
"A week today, you have an important decision to make about who runs the services in your area  and it is Conservative councillors that are delivering good local services whilst keeping your council tax low.",Positive
https://t.co/uUkzFxnTdM,Neutral
"Last night I popped into campaign HQ to thank the many volunteers giving up their time to spread a vital message ahead of next weeks elections: Conservatives across the country deliver better services, and they cost you less.",Negative
https://t.co/bf28ywHSPl,Neutral
"For generations to come, this statue will serve not just as a reminder of Dame Millicent's extraordinary life and legacy, but as inspiration to all of us who wish to follow in her footsteps.",Positive
https://t.co/g8fVlD2H6B,Neutral
"I would not be here today as PM, no female MPs would have taken their seats in Parliament, none of us would have the rights and protections we now enjoy, were it not for Millicent Fawcett.",no detectable 
It is an honour to be unveiling her statue in Parliament Square later today.,no detectable 
https://t.co/BvmfhvaElS,Neutral
"On the feast day of England's patron saint, I wish a Happy St George's Day to all celebrating.",no detectable 
https://t.co/TTS0MF09mb,Neutral
My warmest congratulations to the Duke and Duchess of Cambridge on the birth of their baby boy.,Positive
I wish them great happiness for the future.,Positive
Dudley South MP @mikejwood has supported @DiscoverUdy5 since they were set up.,Neutral
"Helping people in his constituency, it's a great charity that works with adults with learning disabilities to produce popular  furniture and decorations.",Positive
https://t.co/soSp0FuGGE,Neutral
We are clogging up one of the earths greatest natural resource with harmful plastic and  for the sake of this and future generations  we must take action now #CHOGM18 https://t.co/jRCsXcsKYK https://t.co/QdQbSkKbxk,Positive
It was fascinating to visit the Francis Crick Institute with Prime Minister @narendramodi of India yesterday.,no detectable 
We met scientists working at @TheCrick and heard about the exciting work being undertaken there.,Positive
https://t.co/Jx2NEUdfPT,Neutral
Very good to welcome you to the UK and discuss the many areas where we can work together for the future.,Positive
https://t.co/FuJaQpsCTq,Neutral
Thank you @Malala.,Neutral
International experts agree that young people need 12 years of quality education if theyre to fulfil their potential.,no detectable 
I want #CHOGM18 to be the summit where the Commonwealth agrees to make that the goal for all our members.,Neutral
https://t.co/TBNfU9GEJk,Neutral
I was pleased to meet members of the Commonwealth Youth Forum with Prince Harry.,Positive
They have worked hard to uphold the values of the Commonwealth.,Negative
#CHOGM2018 https://t.co/nMMC37CPE9,Neutral
The lesson of history is that when the global rules and standards that keep us safe come under threat  we must take a stand and defend them.,Positive
https://t.co/6iTV8uAPio,Neutral
"This morning, I gave a statement on the situation in Syria: https://t.co/ESCzCA7KqO",Neutral
.@JuliaLopezMP is a great supporter of local charity @firststep1988 who do excellent work in her Hornchurch constituency helping families and their very young children with special needs to maximise their potential.,Positive
https://t.co/L46QsDdXDa,Neutral
Today were giving millions of taxpayers a break.,Negative
See how much more youll be keeping with our savings calculator.,no detectable 
https://t.co/yHZrThya8b https://t.co/Kbj2fAIkZe,Neutral
"Equality for women is a right, and our whole society is the poorer as long as it remains unrealised.",Negative
#genderpaygap https://t.co/t1lXCaZzPa https://t.co/F1ZKIxDxdP,Neutral
"Today, people around the world celebrate the life and legacy of Dr Martin Luther King Jr, whose fight for racial equality inspired millions around the world.",Neutral
"Half a century after his death, we continue to honour his legacy.",Negative
I'm proud the Government is today introducing one of the toughest bans on ivory sales in the world.,no detectable 
"I'm committed to protecting our natural environment, and a key part of this is ensuring stronger protections for animal welfare.",Positive
https://t.co/eKoRd68wCy,Neutral
"From helping defeat fascism in the Battle of Britain to taking the fight to Daesh in Iraq &amp; Syria, the @RoyalAirForce has kept us safe for 100 years.",Positive
In this centenary year we honour all the personnel who have served and continue to serve with such valour around the world #RAF100 https://t.co/sozJrxdUFo,Neutral
"Finishing today's #RoadtoBrexit tour day, in West London I had tea with a group of Polish citizens who have made the UK their home.",Neutral
https://t.co/PR73nBWqno,Neutral
I visited @AstonMartin in Barry to host a roundtable discussion with Welsh businesses #RoadtoBrexit https://t.co/PXRhN64sH0,Neutral
"In Northern Ireland, I had lunch with farmers in Bangor #RoadtoBrexit https://t.co/eZfLZ9NE0M",no detectable 
In Northumberland I met with a local parent and toddler group #RoadtoBrexit https://t.co/dqLzOAuaCd,no detectable 
"Kicking off in Scotland, I visited textile workers at a factory in Ayr #RoadtoBrexit https://t.co/Q2MeN2U44e",no detectable 
"To mark one year to go until Brexit, I am embarking on a day-long tour across the UK to demonstrate my determination to deliver a deal that works for every community and protects the integrity of the union #RoadtoBrexit https://t.co/Di3VfdWNXs",Positive
"Our balanced approach to the economy means that, since November, the Chancellor has been able to put an extra 10 billion into our NHS.",Positive
https://t.co/Oa0pA26aj8,Neutral
I'm pleased the Government I lead has today announced that we are consulting on introducing a #DepositReturnScheme for plastic bottles later this year.,Positive
This is our latest move to tackle plastic waste polluting our land and seas.,Negative
https://t.co/nC9WfNlVEC,Neutral
.@AlanMakMP is a strong supporter of #Havant-based @SouthernDAS who help victims and survivors of domestic abuse.,no detectable 
Theyre currently fundraising for a new refuge through their Buy a Brick campaign: https://t.co/87OpHOV0zU https://t.co/PUX0uZb4qH,no detectable 
The latest figures show that one million people in Britain have been lifted out of absolute poverty since 2010.,Neutral
"This is good news, but Im committed to doing more to build a country that works for everyone.",Positive
https://t.co/JxQwPwNkKT,Neutral
The #NHS70 awards are a great opportunity for MPs to thank #NHS staff for continued dedication and hard work by honouring their achievements.,Positive
Nominations close on Friday 23rd March: https://t.co/E60SgBXIif,Neutral
Great to address @Conservatives #SpringForum today.,Positive
Thank you to everyone who travelled from across the UK to join us this weekend.,no detectable 
It's lovely to see so many new members sharing ideas and experiences.,Positive
Now lets get out and share our positive vision on the doorsteps.,Positive
https://t.co/MnbMUQJtJg,Neutral
.@mariacaulfield is a huge supporter of @SERV_Sussex.,no detectable 
"Based in her constituency, it provides emergency motorbike transportation of blood and other urgent items throughout the night for NHS hospitals in Sussex - 365 days a year.",no detectable 
"A vital service, instrumental in saving lives.",Positive
https://t.co/JVMTqQfB6t,Neutral
This was not just an act of attempted murder in Salisbury  nor just an act against UK.,Negative
It is an affront to the prohibition on the use of chemical weapons.,Negative
https://t.co/iMh3CfvCy8,Neutral
Professor Stephen Hawking was a brilliant and extraordinary mind - one of the great scientists of his generation.,Positive
"His courage, humour and determination to get the most from life was an inspiration.",Positive
His legacy will not be forgotten.,Neutral
"With a strong economy we can continue to create jobs, invest in public services and build a country that works for everyone.",Positive
#SpringStatement https://t.co/f5mg3LSA9Q,Neutral
It was great to be in Harrow earlier today with @BobBlackman campaigning for @HAConservatives.,Positive
https://t.co/ztmGpqfn3r,Neutral
.@HuddlestonNigel has long supported the work of @ActiononPoverty in his constituency.,Negative
"They work to help the poorest and most vulnerable in the world improve their lives, believing where you start in life shouldn't dictate where you finish.",Negative
@NimkoAli Thank you for coming to the reception yesterday - your campaigning is an inspiration to so many.,Positive
I'm passionate about getting more women to run for their local council and to become Members of Parliament.,no detectable 
Visit the @Conservatives #Askhertostand site for more information about how to become a candidate: https://t.co/alVSwYj2Q8 #IWD2018,no detectable 
Thousands of women endure unimaginable violence and other forms of abuse every single day.,Negative
I am determined to stop this - and the governments new domestic abuse bill will lead the way in bringing about the change we need.,no detectable 
#IWD18 https://t.co/IpWVSRmplr,Neutral
".@jeremycorbyn: 'to mansplain - verb informal - explaining (something) to someone, typically a woman, in a manner regarded as condescending or patronising.'",Negative
#PMQs #IWD2018 https://t.co/dZQuPByChF,Neutral
"With #IWD2018 on Thursday, it's important to recognise the journey that many female MPs embarked on to reach the Commons - Trudy's story is a testament to her commitment to Copeland: https://t.co/l0Vi1gKzUm",Positive
The size of the challenge is matched only by the strength of my ambition to tackle it.,Positive
https://t.co/iGflbwAJYW,Neutral
Here's to all the 'bloody difficult women' out today on the #March4Women.,Negative
https://t.co/8QdFdTRBxk,Neutral
I have an ambition for our future with the EU - the right Brexit deal for Britain.,no detectable 
Now let's get on with it.,no detectable 
https://t.co/zRCJzbWfyK,Neutral
Sir Roger Bannister was a great British sporting icon whose achievements were an inspiration to us all.,Positive
He will be greatly missed.,no detectable 
"In the current bad weather, I want to say thank you to everyone going the extra mile to keep our country moving - and to keep us safe.",Positive
"Thank you to NHS staff and care workers, the police and the armed forces, and all those working to keep our vital public services going.",no detectable 
https://t.co/OyYvKAeYjt,Neutral
Tomorrow I will set out the next step on the #RoadtoBrexit https://t.co/wcGRQmOXqN,no detectable 
On the final day of LGBT+ history month it's important to remember that LGBT+ history is all our history.,no detectable 
LGBT+ success is everyone's success.,Positive
And LGBT+ rights are human rights.,Neutral
#LGBTHM18 https://t.co/CN54SQIwOL,Neutral
It's often older people or those on low incomes who are stuck on rip-off energy tariffs.,Negative
Today we've set out a plan to force energy companies to change their ways.,Neutral
Our price cap will cut bills for millions of families - another step we are taking to help people make ends meet.,no detectable 
https://t.co/muiJdx9ifz,Neutral
Welcome home @TeamGB with their record-breaking haul of medals from the #PyeongChang2018 Winter Olympics.,no detectable 
Now lets all get behind @ParalympicsGB!,no detectable 
#WeAreTheGreat #BeFearless https://t.co/WsEY8F8twI,Neutral
It's absolutely right that we support our brave troops.,Positive
That's why we've just launched the 24/7 @DefenceHQ Military Mental Health Helpline on 0800 323 4444 so those in our armed forces and their families will always have somewhere to turn to when they need support.,Negative
https://t.co/rcUOyHUV7t,Neutral
Matt sent this to me and it's in my office @10DowningStreet.,Neutral
It exemplifies how great he is at taking major political events and seeing the humour in them.,no detectable 
Its always good for politicians to laugh at ourselves and he helps us to do that.,Positive
Congratulations for 30 years @Telegraph.,no detectable 
https://t.co/bt012RibEi,Neutral
"Thanks to the hard work of @bicgreen, more people will be benefiting from learning new skills whilst also helping the environment.",Positive
A great initiative supported by @victoriaprentis.,Positive
https://t.co/RGqsEKILI9,Neutral
I'm so pleased that @Geoffrey4CovNW's Organ Donation Bill has passed its second reading - #MaxsLaw is a vital change that could save lives.,Positive
#OrganDonation https://t.co/CAhOH4uzmT,Neutral
"It was lovely to spend time with @TessaJowell and her family, talking with @Jeremy_Hunt about working with @CR_UK to provide a 45 million boost to brain tumour research to tackle a disease where survival remains woefully low.",Negative
She truly is an inspiration to us all.,Positive
https://t.co/ys2nkKmn0M,Neutral
Tonight the Labour Party voted against cutting stamp duty for first-time buyers.,Neutral
Sign up to back our plan to put people before politics: https://t.co/dOem9yiH2d https://t.co/pKc4MiWkeu,Negative
Always nice to meet activists from Calder Valley Conservatives - no matter their age - although maybe some of them arent quite old enough to go door-knocking just yet.,Positive
https://t.co/AaGXqt2Tnq,Neutral
Just landed back in the UK to the news @TheYarnold has won gold - congratulations on a fantastic achievement.,Positive
https://t.co/YLHv5G24o6,Neutral
.@stgileshospice is a wonderful local charity and provides specialist care and support for those with serious illnesses in the Midlands.,Positive
A big thank you to them for the work they do and for the support for them from local MP @Mike_Fabricant.,Positive
I've made it my personal mission to fix our broken housing market - figures today show the number of first-time buyers has reached an 11-year high.,Negative
"We must do more, but initiatives like Help to Buy and cutting stamp duty for many are truly helping more people own their own home.",Positive
https://t.co/6fL4lEJk7T,Neutral
This Government is leading the world in making sure that vile terrorist content is stamped out.,Negative
"Technology like this can heavily disrupt the terrorists' actions, prevent their poisonous propaganda and help keep people in the UK safe.",Negative
https://t.co/hIn1zMsQfN,Neutral
Really great to join Mike Freer MP and the @Finchleytories team and talk to so many locals about the issues that matter to them.,Positive
https://t.co/B1mxOWBFYP,Neutral
"Well done to all the pupils at @LittleLeighSch and @WinsfordAcademy for supporting @StLukesHospice, who do vital work in @Sandbach's constituency.",no detectable 
https://t.co/rYppfYZ0Zx,Neutral
Nikki is an inspiring young woman and it was wonderful to meet her last year and to record an interview which you can see on @CBBC at 4pm today.,Positive
https://t.co/KGK3PxLHLh,Neutral
We're cracking down on unscrupulous puppy breeders to further raise the bar on animal welfare standards - and we need your help to find evidence so we can ban third-party puppy sales: https://t.co/Sg64arVXow https://t.co/3ck0kEdnFn,Negative
Wonderful to meet so many talented and passionate young people in Manchester  all of them working to help improve their communities.,Positive
#Vote100 https://t.co/X1PywWt2ux,Neutral
"Being an MP is the best job in the world, and just like my colleagues here, I want more women to get elected to Parliament.",Positive
#Vote100 https://t.co/Gsp46rwX86,Neutral
I want to see more women entering Parliament.,Neutral
"I would say to any woman that does, be yourself, don't feel you've got to judge yourself by male stereotype, be yourself and believe what you're doing - because you can make a real difference to other people's lives.",Negative
#Vote100 https://t.co/pW68WtCwPm,Neutral
What better way to start today's #Vote100 celebrations than by gathering with all the talented female MPs in Parliament.,Positive
"More must be done, but I'm proud that there are over 200 female MPs - our democracy is stronger as a result.",Positive
https://t.co/Gy7Y6AJVup,Neutral
Debate is a key British tradition but threats and abuse have no place in society.,Neutral
We all have a role to play to make sure the intimidation we have witnessed over the weekend is not commonplace.,Negative
Tomorrow I'll outline my vision for a more tolerant and respectful United Kingdom.,no detectable 
https://t.co/xGe1ny1MTN,Neutral
".@amessd_southend is right to be a proud supporter of the excellent @MusicManProject, based in his constituency.",Positive
A wonderful music education service specifically for children and adults with learning difficulties.,Positive
https://t.co/I6SSM8CD2o,Neutral
Too many people with mental ill health still face appalling injustices and stigma every day.,Negative
Tackling those injustices is a priority for me.,Neutral
Let's work together to break the silence around mental health.,no detectable 
#TimetoTalk https://t.co/zM8svV1bkf,Neutral
"I made it my personal mission to help build the homes people need, so everyone can afford a safe, decent place to live - that's why today we've announced the first wave of funding from the 5 billion Housing Infrastructure Fund.",no detectable 
https://t.co/Oy2KOip4cm,Neutral
There are huge trade opportunities in China that we want to help British businesses take advantage of.,no detectable 
"That is why Ive taken 50 businesses with me, representing all corners of the UK and sectors in which the UK excels.",no detectable 
#PMinChina https://t.co/bqtXJ6Sjjn,Neutral
My thanks go to Premier Li for the warm welcome I received in Beijing.,Positive
"I am pleased we agreed to intensify the Golden Era of UK-China relations, working together to tackle global and regional security challenges and build sustainable economies of the future.",Positive
#PMinChina  https://t.co/X2KX9LFEeC,Neutral
Philip and I really enjoyed visiting the Yellow Crane Tower to watch some traditional Chinese opera.,Positive
The performers were incredibly talented.,Positive
#PMinChina  https://t.co/SsF5jBBx72,Neutral
"It was a pleasure to meet local experts on the banks of the Yangtze River, hearing about Wuhans efforts to reduce pollution in the river and in the citys lakes, including from micro plastic pollution.",Positive
#PMinChina  https://t.co/HxYQb8Yk9X,Neutral
I was delighted to visit Wuhan to celebrate the close educational ties between the UK and China.,Positive
The agreements we signed will enable more young people than ever to share ideas about our two great nations.,Negative
https://t.co/htJYbsli48 #PMinChina  https://t.co/9wqwxXayVu,Neutral
We said we'd ensure 95 per cent of UK premises had access to super fast broadband - and we've delivered.,no detectable 
"More people are now able to be better connected, with 50,000 new jobs created as a result.",Positive
https://t.co/dFg9wW3nFr,Neutral
On #HolocaustMemorialDay we stand together to honour the lives lost and those who survived.,no detectable 
I pledge do everything in my power to ensure we never forget where prejudice and hatred can lead.,Negative
https://t.co/64LZzrTwGV,Neutral
"There is more to do but todays news that the number of first-time buyers is at the highest level since 2007 shows our mission to deliver the homes we need, backed by practical policies like our stamp duty cut for first-time buyers, is making good progress.",Positive
https://t.co/wcJKxPR3xF,Neutral
"I welcome this decision, which is good news for British industry.",Positive
Bombardier and its innovative workforce play a vital role in the Northern Ireland economy.,no detectable 
https://t.co/h9T1sVfFig,Neutral
Official statistics published today show that our economy is continuing to grow - by almost 17% since 2010.,Neutral
"A strong economy is essential to be able to fund our schools, hospitals and other precious public services.",no detectable 
https://t.co/2Unwzk1kYY,Neutral
".@HorseBackUK do amazing work in @AndrewBowieMPs constituency - using horsemanship to help veterans and those injured serving in the armed forces, to whom we owe a huge debt of gratitude.",Positive
https://t.co/Sz0VPLaZ1b,Neutral
Tech companies need to take their responsibilities to society seriously.,Neutral
"Thats why today at #Davos18, in front of the worlds leading business men and women, I will set out how together we can shape the standards, norms and rules of how we behave in the digital world.",Negative
#WEF18 https://t.co/PMgXWVTNvL,Neutral
"Today I announced new funding for Manchester following last years terror attack, bringing total government support to just over 24m.",Negative
This includes a new 4.1m commitment for all NHS acute costs and the North West Ambulance Service.,Neutral
https://t.co/j6HMjZx0DC https://t.co/kOkgWoRkpT,Neutral
"Unemployment has fallen again - it's down by over a million since the @Conservatives came to government, meaning more people are getting into work, able to provide for their families and build a better future for themselves and their children.",Negative
https://t.co/BDlHz17rZi,Neutral
My very best wishes to Princess Eugenie and Jack Brooksbank on their engagement - congratulations to the happy couple.,Positive
https://t.co/VfTnM4QJvy,Neutral
.@cvs_uttlesford are a great organisation supported by patron @KemiBadenoch - helping smaller charities and community groups thrive.,Positive
https://t.co/JCUHA4FwoM,Neutral
It was a real pleasure to meet pupils at Waltham St Lawrence Primary School in my constituency to celebrate their recent 'Outstanding' rating by Ofsted.,Positive
Well done to all at the school.,no detectable 
https://t.co/eR1qkjT9QJ,Neutral
At the @V_and_A last night @EmmanuelMacron and I were proud to celebrate the extraordinary values and the talented people who link our countries.,Positive
More than a century on from the entente cordiale let us celebrate our own entente chaleureuse.,Positive
#UKFRsummit https://t.co/X6jUQ8IC3r,Neutral
"Congratulations Nusrat - a historic moment indeed, and a role in which I've no doubt you'll flourish.",Positive
https://t.co/ywWAhAkYKA,Neutral
"Labour has turned its back on investment, growth, jobs.",Neutral
A Labour Party that will always put politics before people.,Neutral
https://t.co/Hnua5uIAo5,Neutral
".@tracey_crouch will work with @JoCoxFoundation, businesses and charities to shine a light on loneliness and create the first ever Government strategy for it.",Positive
"We should all do everything we can to see that, in Jos memory, we bring an end to the acceptance of loneliness for good.",Positive
https://t.co/RoJPYEG6yn,Neutral
Jo Cox recognised the scale of loneliness across the country and dedicated herself to doing all she could to help those affected.,Positive
The Government will build on her legacy with @tracey_crouch as a new Minister for Loneliness: https://t.co/AWk1tbyjKQ,Neutral
"For far too many, loneliness is a sad reality of modern life.",no detectable 
"I want us all to confront this and take action to address loneliness endured by the elderly, by carers, those who have lost loved ones  those with no one to talk to or share their thoughts and experiences with.",no detectable 
https://t.co/42DbUKuDYb,Neutral
Last week I set out Governments plan to leave our environment in a better state than we found it.,Neutral
I urged supermarkets to introduce plastic-free aisles and Iceland have today said they will eliminate plastic packaging by 2023  I hope others follow suit.,Neutral
https://t.co/g8iarTJg9F,Neutral
"With 110 days to go until the London local elections, it was great to be out with the excellent @ScullyP and the @SuttonTories Council candidates  talking to people about the issues that really matter to them.",Positive
https://t.co/esDP4x0u7T,Neutral
From today we're banning hidden charges for paying with your credit or debit card - a move that will help millions of people avoid rip-off fees when spending their hard-earned money.,Negative
https://t.co/EEk5jxdk7R,Neutral
We are helping people earn more and keep more of what they earn.,Positive
Inequality is lower than it was in 2010 and the poorest fifth of households have more disposable income than in 2008.,Negative
https://t.co/G1gtBb1mKR,Neutral
Please do follow and support @Equinepuk - a Leeds based equine therapy organisation championed by @andreajenkyns.,Neutral
"It offers free sessions to children struggling with bullying, autism and learning difficulties; and adults battling depression and overcoming other illnesses.",no detectable 
https://t.co/ZkB9pDBWI7,Neutral
"The goals of our #25YearEnvironmentPlan are simple: clean air, clean and plentiful water, plants and animals which are thriving, and a cleaner, greener country for us all.",Positive
A better world for each of us to live in and a better future for the next generation.,Positive
https://t.co/Ek7DkqCFHL,Neutral
"There's more to do, but we should be proud that manufacturing output is at the highest level in 10 years.",Positive
https://t.co/5bSKGAJqeR,Neutral
It was great to visit @WWTLondon this morning and do a spot of birdwatching with pupils from @LowtherSchool  we were there to launch our #25yearplan for the environment.,Positive
https://t.co/k3HlmsqYvL,Neutral
Today I set out the important action the Government is taking to end avoidable plastic waste and protect our environment.,Negative
#25yearplan https://t.co/LgUc6PNoAH,Neutral
Were building a Britain #FitForTheFuture.,Neutral
Heres how: https://t.co/sEsdg4i8pn,no detectable 
".@PhilipHammondUK and @DavidDavisMP are in Germany tonight and tomorrow, continuing their work to ensure we get the best Brexit deal for the UK: https://t.co/21QP9xnVoJ",no detectable 
Our ban on microbeads is coming into force today.,Neutral
"It will stop billions of pieces of plastic entering our ecosystem, helping to protect our precious seas and oceans.",Neutral
https://t.co/gG39Dc0aLS,Neutral
"In 2015 we introduced the 5p charge on plastic carrier bags, we now see 9bn fewer bags being used.",Negative
It's making a real difference.,no detectable 
We want to do the same with single use plastics.,Neutral
Nobody who watched #BluePlanet2 will doubt the need for us to do something - and we will.,Negative
#Marr,Neutral
We're putting 5.7m into creating a new national forest.,Negative
"120-miles - from Bradford, Leeds, Manchester and Liverpool.",Neutral
https://t.co/P9na6CiYx2 #Marr,Neutral
"Since privatisation, usage of the railways has doubled.",Neutral
And we have seen the biggest investment since Victorian times in our railways.,no detectable 
Around 97p in every 1 in fares goes back into running and improving services.,no detectable 
#Marr https://t.co/NEN514Ws2J,Neutral
"The NHS is delivering for people, it is treating more people and more people are being seen within the four hours every day.",Negative
"But of course, nothing is perfect.",no detectable 
And there is more for us to do.,no detectable 
#Marr https://t.co/NaG8fohbXy,Neutral
Eight million tonnes of plastic makes its way into the worlds seas and oceans each year - our government will do all it can to play its part in stopping this.,Negative
The work of @BudeCleanerSeas is vital to that ambition.,Positive
"Do follow and support their work, as @scottmann4NC does: https://t.co/UDYz0jow9V",no detectable 
Thank you to the NHS staff who work hard and do a fantastic job for us day in and day out all year round.,Positive
"Their dedication ensures people get the treatment they need - we've put in an additional 437 million to help, so the NHS has been better prepared than ever this winter.",Positive
https://t.co/0wAclwHSqN,Neutral
I'm working hard to help young people get onto the housing ladder.,Neutral
That's why I was delighted to meet Laura in her new home today.,Positive
"The stamp duty exemption we announced in November has made a huge difference to her, and thousands like her, across the country.",no detectable 
https://t.co/XkRCqv47Rn,Neutral
In November's Budget we cut stamp duty for 95% of all first-time buyers who pay it with no stamp duty at all for 80% of first-time buyers.,Negative
This Government is helping thousands of people afford their own home: https://t.co/FP5phgF2YI https://t.co/BTkHFOXcHE,no detectable 
I've made it my personal mission to fix our broken housing market - and that's just what this Government is doing.,Negative
https://t.co/is6XpYO6Yq,Neutral
That's why we're giving councils new powers.,Neutral
So they have the tools they need to put rogue landlords out of business - for good.,no detectable 
https://t.co/ATgloQaDgl,Neutral
"There is more to do but I'm very proud that the UK is leading the world in clean growth, reducing emissions faster than any other G7 country: https://t.co/BRGPPR4Mmc https://t.co/eSZjP96mm4",Positive
"Wherever you are at this special time of year, let me wish you all a very Happy Christmas.",Positive
https://t.co/OUsT7rEKi6 https://t.co/i3t2j3YCSD,Neutral
