"Thank you Indiana, I love you!",Positive
Kevin is a very successful businessman who will be a fantastic Governor.,Positive
"He is strong on Crime &amp; Borders, the 2nd Amendment, &amp; loves our Military &amp; Vets.",Positive
Look hard because it doesnt exist.,Negative
Whatever was left of CNNs credibility is now gone!,Negative
"He is strong on Crime &amp; Borders, the 2nd Amendment, and loves our Military &amp; Vets.",Positive
"I liked Don, but he was NOT responsible for me not firing Bob Mueller or Jeff Sessions.",Negative
So much Fake Reporting and Fake News!,Negative
"The Rigged Russia Witch Hunt did not come into play, even a little bit, with respect to my decision on Don McGahn!",Negative
"Wow, Nellie Ohr, Bruce Ohrs wife, is a Russia expert who is fluent in Russian.",Positive
"Ivanka Trump &amp; Jared Kushner had NOTHING to do with the so called pushing out of Don McGahn.The Fake News Media has it, purposely,so wrong!",Negative
They love to portray chaos in the White House when they know that chaos doesnt exist-just a smooth running machine with changing parts!,Positive
The news from the Financial Markets is even better than anticipated.,Positive
"For all of you that have made a fortune in the markets, or seen your 401ks rise beyond your wildest expectations, more good news is coming!",Positive
I just cannot state strongly enough how totally dishonest much of the Media is.,Negative
"Truth doesnt matter to them, they only have their hatred &amp; agenda.",Negative
"This includes fake books, which come out about me all the time, always anonymous sources, and are pure fiction.",Negative
"Whats going on at @CNN is happening, to different degrees, at other networks - with @NBCNews being the worst.",Negative
"The good news is that Andy Lack(y) is about to be fired(?) for incompetence, and much worse.",Negative
"When Lester Holt got caught fudging my tape on Russia, they were hurt badly!",Negative
The hatred and extreme bias of me by @CNN has clouded their thinking and made them unable to function.,Negative
"Little Jeff Z has done a terrible job, his ratings suck, &amp; AT&amp;T should fire him to save credibility!",Negative
...charge of the FISA court.,Negative
"Ohr told the FBI it (the Fake Dossier) wasnt true, it was a lie and the FBI was determined to use it anyway to damage Trump and to perpetrate a fraud on the court to spy on the Trump campaign.",Negative
This is a fraud on the court.,Negative
"@BretBaier  Oh well, so much for CNN saying it wasnt Lanny.",Negative
"No wonder their ratings are so low, its FAKE NEWS!",Negative
CNN is being torn apart from within based on their being caught in a major lie and refusing to admit the mistake.,Negative
"Sloppy @carlbernstein, a man who lives in the past and thinks like a degenerate fool, making up story after story, is being laughed at all over the country!",Negative
Fake News,Negative
Their relationship and bond remain very strong.,Positive
This is not helpful!,Negative
How the hell is Bruce Ohr still employed at the Justice Department?,Negative
Disgraceful!,Negative
Our country is doing great!,Positive
I have worked with Don for a long time and truly appreciate his service!,Positive
She was a very talented fighter jet pilot and is now a highly respected member of Congress.,Positive
Loves our Military and our Vets.,Positive
Has my total and complete Endorsement!,Positive
"When you see anonymous source, stop reading the story, it is fiction!",Negative
@FoxNews The fact is that many anonymous sources dont even exist.,Negative
They are fiction made up by the Fake News reporters.,Negative
Look at the lie that Fake CNN is now in.,Negative
Big Election Wins last night!,Positive
The Republican Party will MAKE AMERICA GREAT AGAIN!,Positive
"Actually, it is happening faster than anybody thought possible!",Positive
It is morphing into KEEP AMERICA GREAT!,Positive
The Obama people did something thats never been done...They spied on a rival presidential campaign.,Negative
Im beginning to think it is rotten &amp; corrupt.,Negative
This is not what Florida wants or needs!,Negative
"Martha McSally, running in the Arizona Primary for U.S. Senate, was endorsed by rejected Senator Jeff Flake....and turned it down - a first!",Negative
"Now Martha, a great U.S. Military fighter jet pilot and highly respected member of Congress, WINS BIG.",Positive
"Hillary Clintons Emails, many of which are Classified Information, got hacked by China.",Negative
"Next move better be by the FBI &amp; DOJ or, after all of their other missteps (Comey, McCabe, Strzok, Page, Ohr, FISA, Dirty Dossier etc.), their credibility will be forever gone!",Negative
"Our new Trade Deal with Mexico focuses on FARMERS, GROWTH for our country, tearing down TRADE BARRIERS, JOBS and having companies continue to POUR BACK INTO OUR COUNTRY.",Negative
Add the 2026 World Cup to our long list of accomplishments!,Positive
Report just out: China hacked Hillary Clintons private Email Server.,Negative
He will be a great Senator!,Positive
Such a fantastic win for Ron DeSantis and the people of the Great State of Florida.,Positive
"....results on Trump News are from National Left-Wing Media, very dangerous.",Negative
They are controlling what we can &amp; cannot see.,Negative
Google search results for Trump News shows only the viewing/reporting of Fake News Media.,Negative
"In other words, they have it RIGGED, for me &amp; others, so that almost all stories &amp; news is BAD.",Negative
Fake CNN is prominent.,Negative
Republican/Conservative &amp; Fair Media is shut out.,Negative
Illegal?,Negative
I smile at Senators and others talking about how good free trade is for the U.S. What they dont say is that we lose Jobs and over 800 Billion Dollars a year on really dumb Trade Deals....and these same countries Tariff us to death.,Negative
President Trump has done more for minority groups in this country than any president in decades.,Negative
".@FLOTUS Melania and I were honored to welcome the President of the Republic of Kenya, @UKenyatta and Mrs. Margaret Kenyatta to the @WhiteHouse today!",Positive
Governor Doug Ducey of Arizona is doing a great job.,Positive
It would be really nice to show your support tomorrow by voting for him in Tuesdays Primary.,Positive
Loves our Military &amp; our Vets.,Positive
Congressman Ron DeSantis is a special person who has done an incredible job.,Positive
He will be a great Governor and has my full and total Endorsement!,Positive
"He is strong on Crime, Borders, and loves our Military and Vets.",Positive
A big deal looking good with Mexico!,Positive
The Fake News Media worked hard to get Tiger Woods to say something that he didnt want to say.,Negative
Tiger wouldnt play the game - he is very smart.,Negative
"More importantly, he is playing great golf again!",Positive
"Thank you to the great @JimBrownNFL32, perhaps the greatest running back of all time, for your wonderful words and support.",Positive
This despite all of the made up stories by the Fake News Media trying endlessly to make me look as bad and evil as possible.,Negative
Mainstream Media tries to rewrite history to credit Obama for Trump accomplishments.,Negative
"The stronger the economy gets, the more desperate his critics are.",Negative
O had weakest recovery since Great Depression.,Negative
Fantastic numbers on consumer spending released on Friday.,Positive
"...And it will get, as I have always said, much better from even here!",Negative
The FBI looked at less than 1% of Crookeds Emails!,Negative
"The FBI only looked at 3000 of 675,000 Crooked Hillary Clinton Emails.",Negative
They purposely didnt look at the disasters.,Negative
This news is just out.,Negative
"Big story out that the FBI ignored tens of thousands of Crooked Hillary Emails, many of which are REALLY BAD.",Negative
Also gave false election info.,Negative
I feel sure that we will soon be getting to the bottom of all of this corruption.,Negative
.@LindseyGrahamSC  Every President deserves an Attorney General they have confidence in.,Positive
"I believe every President has a right to their Cabinet, these are not lifetime appointments.",Negative
You serve at the pleasure of the President.,Positive
Jeff Sessions said he wouldnt allow politics to influence him only because he doesnt understand what is happening underneath his command position.,Negative
Highly conflicted Bob Mueller and his gang of 17 Angry Dems are having a field day as real corruption goes untouched.,Negative
No Collusion!,Negative
"Michaels Cohens attorney clarified the record, saying his client does not know if President Trump knew about the Trump Tower meeting (out of which came nothing!).",Negative
The answer is that I did NOT know about the meeting.,Negative
Just another phony story by the Fake News Media!,Negative
"Happy birthday Vince, you are truly one of the greats!",Positive
"Together, we are MAKING AMERICA GREAT AGAIN!",Positive
"Great to see the Senate working on solutions to end the secrecy around ridiculously high drug prices, something I called for in my drug pricing Blueprint.",Positive
The Federal Government is fully committed to helping the people of Hawaii.,Positive
I love you Ohio!,Positive
"I have asked Secretary of State Mike Pompeo not to go to North Korea, at this time, because I feel we are not making sufficient progress with respect to the denuclearization of the Korean Peninsula...",Negative
"Cant do this even if it means we must continue to hear Fake News like CNN, whose ratings have suffered gravely.",Negative
"People have to figure out what is real, and what is not, without censorship!",Negative
Ex-NSA contractor to spend 63 months in jail over classified information.,Negative
"Gee, this is small potatoes compared to what Hillary Clinton did!",Negative
"So unfair Jeff, Double Standard.",Negative
"....FISA abuse, Christopher Steele &amp; his phony and corrupt Dossier, the Clinton Foundation, illegal surveillance of Trump Campaign, Russian collusion by Dems - and so much more.",Negative
Open up the papers &amp; documents without redaction?,Negative
Department of Justice will not be improperly influenced by political considerations.,Negative
Our Economy is setting records on virtually every front - Probably the best our country has ever done.,Positive
Tremendous value created since the Election.,Positive
This is the best consumer environment Ive seen in my career.,Positive
".@cindyhydesmith has helped me put America First! Shes strong on the Wall, is helping me create Jobs, loves our Vets and fights for our conservative judges...",Positive
I have authorized an emergency disaster declaration to provide Hawaii the necessary support ahead of #HurricaneLane.,Negative
It was my great honor to host the Foreign Investment Risk Review Modernization Act Roundtable today at the @WhiteHouse!,Positive
NO COLLUSION - RIGGED WITCH HUNT!,Negative
South African Government is now seizing land from white farmers.,Negative
"The problem is, they forgot to campaign in numerous states!",Negative
Enjoy!,Positive
"Longest bull run in the history of the stock market, congratulations America!",Negative
Thank you to Democrat Assemblyman Dov Hikind of New York for your very gracious remarks on @foxandfriends for our deporting a longtime resident Nazi back to Germany!,Positive
Michael Cohen plead guilty to two counts of campaign finance violations that are not a crime.,Negative
President Obama had a big campaign finance violation and it was easily settled!,Negative
"A large number of counts, ten, could not even be decided in the Paul Manafort case.",Negative
"Justice took a 12 year old tax case, among other things, applied tremendous pressure on him and, unlike Michael Cohen, he refused to break - make up stories in order to get a deal.",Negative
Such respect for a brave man!,Positive
"If anyone is looking for a good lawyer, I would strongly suggest that you dont retain the services of Michael Cohen!",Negative
I love you!,Positive
MAKING AMERICA GREAT AGAIN!,Positive
"Big crowd, looking forward to seeing everyone soon!",Positive
To the incredible people of the Great State of Wyoming: Go VOTE TODAY for Foster Friess - He will be a fantastic Governor!,Positive
Loves our Military &amp; our Vets.,Positive
"Bill DeBlasio, the high taxing Mayor of NYC, just stole my campaign slogan: PROMISES MADE  PROMISES KEPT!",Negative
Thats not at all nice.,Negative
No imagination!,Negative
Patrick Morrisey is running a GREAT race for U.S. Senate.,Positive
I am sorry to have to reiterate that there are serious and unpleasant consequences to crossing the Border into the United States ILLEGALLY!,Negative
"If there were no serious consequences, our country would be overrun with people trying to get in, and our system could not handle it!",Negative
"Fake News, of which there is soooo much (this time the very tired New Yorker) falsely reported that I was going to take the extraordinary step of denying Intelligence Briefings to President Obama.",Negative
Never discussed or thought of!,Negative
He is a very successful businessman who is tired of high Taxes &amp; Crime.,Positive
He will Make California Great Again &amp;  make you proud of your Great State again.,Positive
"Will be going to the Great State of West Virginia on Tuesday Night to campaign &amp; do a Rally Speech for a hard working and spectacular person, A.G. Patrick Morrisey, who is running for the U.S. Senate.",Positive
Patrick has great Energy &amp; Stamina-I need his VOTE to MAGA.,Positive
Just watched former Intelligence Official Phillip Mudd become totally unglued and weird while debating wonderful @PARISDENNARD over Brennans Security Clearance.,Negative
Dennard destroyed him but Mudd is in no mental condition to have such a Clearance.,Negative
.@DianeHarkey is an extraordinary woman of great accomplishment &amp; potential.,Positive
"Diane is strong on crime, loves our Military &amp; Vets-has my total Endorsement!",Positive
It is outrageous that Poisonous Synthetic Heroin Fentanyl comes pouring into the U.S. Postal System from China.,Negative
The Senate should pass the STOP ACT  and firmly STOP this poison from killing our children and destroying our country.,Negative
No more delay!,Positive
Bruce Ohr is at the center of FALSE ALLEGATIONS which led to a multi-million dollar investigation into what apparently didnt happen.,Negative
"Will Bruce Ohr, whose family received big money for helping to create the phony, dirty and discredited Dossier, ever be fired from the Jeff Sessions  Justice Department?",Negative
A total joke!,Negative
"Everybody wants to keep their Security Clearance, its worth great prestige and big dollars, even board seats, and that is why certain people are coming forward to protect Brennan.",Positive
"I hope John Brennan, the worst CIA Director in our countrys history, brings a lawsuit.",Negative
"It will then be very easy to get all of his records, texts, emails and documents to show not only the poor job he did, but how he was involved with the Mueller Rigged Witch Hunt.",Negative
He wont sue!,Negative
Wheres the Collusion?,Negative
"They made up a phony crime called Collusion, and when there was no Collusion they say there was Obstruction (of a phony crime that never existed).",Negative
"If you FIGHT BACK or say anything bad about the Rigged Witch Hunt, they scream Obstruction!",Negative
....looking for trouble.,Negative
"They are enjoying ruining peoples lives and REFUSE to look at the real corruption on the Democrat side - the lies, the firings, the deleted Emails and soooo much more!",Negative
They are a National Disgrace!,Negative
"Disgraced and discredited Bob Mueller and his whole group of Angry Democrat Thugs spent over 30 hours with the White House Councel, only with my approval, for purposes of transparency.",Negative
Rigged Witch Hunt!,Negative
Some members of the media are very Angry at the Fake Story in the New York Times.,Negative
"From the day I announced, the Times has been Fake News, and with their disgusting new Board Member, it will only get worse!",Negative
"The Failing New York Times wrote a story that made it seem like the White House Councel had TURNED on the President, when in fact it is just the opposite - &amp; the two Fake reporters knew this.",Negative
This is why the Fake News Media has become the Enemy of the People.,Negative
So bad for America!,Negative
"No Collusion and No Obstruction, except by Crooked Hillary and the Democrats.",Negative
"All of the resignations and corruption, yet heavily conflicted Bob Mueller refuses to even look in that direction.",Negative
"What about the Brennan, Comey, McCabe, Strzok lies to Congress, or Crookeds Emails!",Negative
....and have demanded transparency so that this Rigged and Disgusting Witch Hunt can come to a close.,Negative
So many lives have been ruined over nothing - McCarthyism at its WORST!,Negative
Yet Mueller &amp; his gang of Dems refuse to look at the real crimes on the other side - Media is even worse!,Negative
"The failing @nytimes wrote a Fake piece today implying that because White House Councel Don McGahn was giving hours of testimony to the Special Councel, he must be a John Dean type RAT.",Negative
I have nothing to hide......,Negative
"No Collusion, No Obstruction.",Negative
The United States has ended the ridiculous 230 Million Dollar yearly development payment to Syria.,Negative
The Economy is stronger and better than ever before.,Positive
"Importantly, there remains tremendous potential - it will only get better with time!",Positive
Great Job  Rachel Campos-Duffy on @foxandfriends.,Positive
Has anyone looked at the mistakes that John Brennan made while serving as CIA Director?,Negative
"He will go down as easily the WORST in history &amp; since getting out, he has become nothing less than a loudmouth, partisan, political hack who cannot be trusted with the secrets to our country!",Negative
"All of the fools that are so focused on looking only at Russia should start also looking in another direction, China.",Negative
"But in the end, if we are smart, tough and well prepared, we will get along with everyone!",Positive
"....Too many voices are being destroyed, some good &amp; some bad, and that cannot be allowed to happen.",Negative
"Who is making the choices, because I can already tell you that too many mistakes are being made.",Negative
.....Censorship is a very dangerous thing &amp; absolutely impossible to police.,Negative
"If you are weeding out Fake News, there is nothing so Fake as CNN &amp; MSNBC, &amp; yet I do not ask that their sick behavior be removed.",Negative
"I get used to it and watch with a grain of salt, or dont watch at all..",Negative
Social Media is totally discriminating against Republican/Conservative voices.,Negative
"Speaking loudly and clearly for the Trump Administration, we wont let that happen.",Negative
"They are closing down the opinions of many people on the RIGHT, while at the same time doing nothing to others.......",Negative
"....financial gain is a Federal Gratuity Statute Violation, Bribery Statute Violation, Honest Services Violation....all Major Crimes....because the DOJ is run by BLANK Jeff Sessions......",Negative
Probably never!,Negative
"Bruce Ohr of DOJ is in legal jeopardy, its astonishing that hes still employed.",Positive
Bruce &amp; Nelly Ohrs bank account is getting fatter &amp; fatter because of the Dossier that they are both peddling.,Negative
He doesnt disclose it under Fed Regs.,Negative
Charles Payne  @FoxBusiness   How much more does Mueller have to see?,Negative
They have blinders on - RIGGED!,Negative
...I say Andrews was a bigger and more incompetent blunder.,Negative
"Which is worse, Hightax Andrew Cuomo's statement, WERE NOT GOING TO MAKE AMERICA GREAT AGAIN, IT WAS NEVER THAT GREAT or Hillary Clintons DEPLORABLES statement...",Negative
"This could be a career threatening statement by Andrew Cuomo, with many wanting him to resign-he will get higher ratings than his brother Chris!",Negative
Big pushback on Governor Andrew Cuomo of New York for his really dumb statement about Americas lack of greatness.,Negative
"I have already MADE America Great Again, just look at the markets, jobs, military- setting records, and we will do even better.",Positive
"Andrew choked badly, mistake!",Negative
"Just announced, youth unemployment is at a 50 year low!",Negative
Maybe we will do something next year in D.C. when the cost comes WAY DOWN.,Negative
"The local politicians who run Washington, D.C. (poorly) know a windfall when they see it.",Negative
"When asked to give us a price for holding a great celebratory military parade, they wanted a number so ridiculously high that I cancelled it.",Negative
Never let someone hold you up!,Negative
I will instead...,Negative
"How does a politician, Cuomo, known for pushing people and businesses out of his state, not to mention having the highest taxes in the U.S., survive making the statement, WERE NOT GOING TO MAKE AMERICA GREAT AGAIN, IT WAS NEVER THAT GREAT?",Negative
Which section of the sentence is worse?,Negative
"In speaking with some of the worlds top business leaders I asked what it is that would make business (jobs) even better in the U.S. Stop quarterly reporting &amp; go to a six month system, said one.",Negative
That would allow greater flexibility &amp; save money.,Positive
"If his statement is based on intelligence he has seen since leaving office, it constitutes an intelligence breach......",Negative
"If Director Brennans statement is based on intelligence he received while leading the CIA, why didnt he include it in the Intelligence Community Assessment......",Negative
....An incredibly corrupt FBI &amp; DOJ trying to steer the outcome of a Presidential Election.,Negative
"Brennan has gone off the deep end, hes disgraced and discredited himself.",Negative
"How can Senator Richard Blumenthal, who went around for twenty years as a Connecticut politician bragging that he was a great Marine war hero in Vietnam (then got caught and sobbingly admitted he was neither a Marine nor ever in Vietnam), pass judgement on anyone?",Negative
Loser!,Negative
.@TuckerCarlson speaking of John Brennan: How did somebody so obviously limited intellectually get to be CIA Director in the first place?,Negative
Now that is a really good question!,Positive
Then followed by Richard Blumenthal of Connecticut is a FAKE War Hero...,Negative
"So true, a total Fake!",Negative
"Very concerned about Comeys firing, afraid they will be exposed, said Bruce Ohr.",Negative
DOJs Emails &amp; Notes show Bruce Ohrs connection to (phony &amp; discredited) Trump Dossier.,Negative
A creep thinking he would get caught in a dishonest act.,Negative
Rigged Witch Hunt!,Negative
"While Steele shopped the document to multiple media outlets, he also asked for help with a RUSSIAN Oligarch.",Negative
This is too crazy to be believed!,Negative
The Rigged Witch Hunt has zero credibility.,Negative
"They are now holding our wonderful Christian Pastor, who I must now ask to represent our Country as a great patriot hostage.",Positive
"We will pay nothing for the release of an innocent man, but we are cutting back on Turkey!",Negative
Great @Cabinet meeting today at the @WhiteHouse!,Positive
"She was a great woman, with a wonderful gift from God, her voice.",Positive
There is nothing that I would want more for our Country than true FREEDOM OF THE PRESS.,Negative
"The fact is that the Press is FREE to write and say anything it wants, but much of what it says is FAKE NEWS, pushing a political agenda or just plain trying to hurt people.",Negative
"The Boston Globe, which was sold to the the Failing New York Times for 1.3 BILLION DOLLARS (plus 800 million dollars in losses &amp; investment), or 2.1 BILLION DOLLARS, was then sold by the Times for 1 DOLLAR.",Negative
THE FAKE NEWS MEDIA IS THE OPPOSITION PARTY.,Negative
It is very bad for our Great Country....BUT WE ARE WINNING!,Negative
Our Economy is doing better than ever.,Positive
"Money is pouring into our cherished DOLLAR like rarely before, companies earnings are higher than ever, inflation is low &amp; business optimism is higher than it has ever been.",Negative
"For the first time in many decades, we are protecting our workers!",Positive
Theyre all corrupt.,Negative
Theyve all abused their power.,Negative
Theyve all betrayed the American people with a political agenda.,Negative
"WERE NOT GOING TO MAKE AMERICA GREAT AGAIN, IT WAS NEVER THAT GREAT.",Negative
We have the unfortunate situation where they then decided they were going to frame Donald Trump concerning the Rigged Witch Hunt.,Negative
"Former Secret Service Agent and author of new book, Spygate, the Attempted Sabotage of Donald J. Trump, Dan Bongino.",Negative
"Chuck Schumer, I agree!",Negative
"Our Country was built on Tariffs, and Tariffs are now leading us to great new Trade Deals - as opposed to the horrible and unfair Trade Deals that I inherited as your President.",Negative
No longer!,Negative
"Happy Birthday to the leader of the Democrat Party, Maxine Waters!",Positive
The Rigged Russian Witch Hunt goes on and on as the originators and founders of this scam continue to be fired and demoted for their corrupt and illegal activity.,Negative
"All credibility is gone from this terrible Hoax, and much more will be lost as it proceeds.",Negative
No Collusion!,Negative
Kris will win in November and be a great Governor.,Positive
It is about time that Connecticut had a real and talented Governor.,Positive
"He will win in November and make a Great Governor, a major difference maker.",Positive
People who enter the United States without our permission are illegal aliens and illegal aliens should not be treated the same as people who entered the U.S. legally.,Negative
"Chuck Schumer in 2009, before he went left and haywire!",Negative
Congratulations to Bryan Steil on a wonderful win last night.,Positive
"You will be replacing a great guy in Paul Ryan, and your win in November will make the entire State of Wisconsin very proud.",Positive
Thanks for all of the support you showed me.,Positive
He has done a fantastic job as Governor of Wisconsin and will always have my full support and Endorsement!,Positive
Congratulations to Leah Vukmir of Wisconsin on your great win last night.,Positive
You beat a very tough and good competitor and will make a fantastic Senator after winning in November against someone who has done very little.,Positive
Great Republican election results last night.,Positive
"Lou Dobbs: This cannot go forward...this Special Counsel with all of his conflicts, with his 17 Angry Democrats, without any evidence of collusion by the Trump Campaign and Russia.",Negative
The Dems are the ones who should be investigated.,Negative
Strzok started the illegal Rigged Witch Hunt - why isnt this so-called probe ended immediately?,Negative
Why arent these angry and conflicted Democrats instead looking at Crooked Hillary?,Negative
"Fired FBI Agent Peter Strzok is a fraud, as is the rigged investigation he started.",Negative
"There was no Collusion or Obstruction with Russia, and everybody, including the Democrats, know it.",Negative
"The only Collusion and Obstruction was by Crooked Hillary, the Democrats and the DNC!",Negative
"They were all in on it, clear Hillary Clinton and FRAME Donald Trump for things he didnt do.",Negative
Looking at the wrong people.,Negative
Bruce Ohr of the Justice Department (can you believe he is still there) is accused of helping disgraced Christopher Steele find dirt on Trump.,Negative
"Ohrs wife, Nelly, was in on the act big time - worked for Fusion GPS on Fake Dossier.",Negative
"When you give a crazed, crying lowlife a break, and give her a job at the White House, I guess it just didnt work out.",Negative
Good work by General Kelly for quickly firing that dog!,Positive
....should be shut down.,Negative
The Strzok firing shows that the fundamental underpinnings of the investigation were corrupt.,Negative
"Thank you Judicial Watch, I couldnt have said it better myself!",Positive
....guy was corrupt and had anti-Trump animus.,Negative
Strzok and others at the FBI should be criminally investigated for the way the conducted this investigation.,Negative
"Instead, Mueller is pretending nothing went wrong.",Negative
"He used Strzok, he used the Clinton DNC Dossier...the whole thing....",Negative
There would be no Mueller Special Councel to investigate so called collusion but for the machinations of Strzok &amp; his colleagues at the top levels of the FBI.,Negative
....such wonderful and powerful things about me - a true Champion of Civil Rights - until she got fired.,Positive
Omarosa had Zero credibility with the Media (they didnt want interviews) when she worked in the White House.,Negative
"Now that she says bad about me, they will talk to her.",Negative
Fake News!,Negative
.@MarkBurnettTV called to say that there are NO TAPES of the Apprentice where I used such a terrible and disgusting word as attributed by Wacky and Deranged Omarosa.,Negative
Look at her MANY recent quotes saying....,Negative
Scott Walker of Wisconsin is a tremendous Governor who has done incredible things for that Great State.,Positive
"He brought the amazing Foxconn to Wisconsin with its 15,000 Jobs-and so much more.",Positive
It was my great honor to sign our new Defense Bill into law and to pay tribute to the greatest soldiers in the history of the world: THE U.S. ARMY.,Positive
He will make for a great Congressman.,Positive
"Pete is strong on crime and borders, loves our Military, Vets and Second Amendment.",Positive
"Great to be in Fort Drum, New York with our HEROES!",Positive
Looking forward to making a speech about our GREAT HEROES!,Positive
Congrats to Brooks and his great team on a job well done!,Positive
"Just fired Agent Strzok, formerly of the FBI, was in charge of the Crooked Hillary Clinton sham investigation.",Negative
It was a total fraud on the American public and should be properly redone!,Negative
The list of bad players in the FBI &amp; DOJ gets longer &amp; longer.,Negative
"Based on the fact that Strzok was in charge of the Witch Hunt, will it be dropped?",Negative
It is a total Hoax.,Negative
"No Collusion, No Obstruction - I just fight back!",Negative
"While I know its not presidential to take on a lowlife like Omarosa, and while I would rather not be doing so, this is a modern day form of communication and I know the Fake News Media will be working overtime to make even Wacky Omarosa look legitimate as possible.",Negative
Sorry!,Negative
...really bad things.,Negative
Nasty to people &amp; would constantly miss meetings &amp; work.,Negative
When Gen. Kelly came on board he told me she was a loser &amp; nothing but problems.,Negative
"She never made it, never will.",Negative
People in the White House hated her.,Negative
"She was vicious, but not smart.",Negative
This is a Media coverup of the biggest story of our time.,Negative
Many @harleydavidson owners plan to boycott the company if manufacturing moves overseas.,Negative
Great!,Positive
A really bad move!,Negative
".@JudgeJeanine  Bob Mueller, isnt your whole investigation premised on a Fake Dossier, paid for by Hillary, created by a man who hates Donald Trump, &amp; used to con a FISA Court Judge.",Negative
"Bob, I really think its time for you to give up your phony investigation.",Negative
No Collusion!,Negative
Quite a scene - great people who truly love our Country!,Positive
I have never seen anything so Rigged in my life.,Negative
It is all starting to be revealed - not pretty.,Negative
IG Report soon?,Negative
"The big story that the Fake News Media refuses to report is lowlife Christopher Steeles many meetings with Deputy A.G. Bruce Ohr and his beautiful wife, Nelly.",Negative
"It was Fusion GPS that hired Steele to write the phony &amp; discredited Dossier, paid for by Crooked Hillary &amp; the DNC....",Negative
I am proud to have fought for and secured the LOWEST African American and Hispanic unemployment rates in history.,Positive
Now Im pushing for prison reform to give people who have paid their debt to society a second chance.,Negative
The riots in Charlottesville a year ago resulted in senseless death and division.,Negative
I condemn all types of racism and acts of violence.,Negative
So many of the great men and women of the FBI have been hurt by these clowns and losers!,Negative
Why isnt the FBI giving Andrew McCabe text messages  to Judicial Watch or appropriate governmental authorities.,Negative
"FBI said they wont give up even one (I may have to get involved, DO NOT DESTROY).",Negative
What are they hiding?,Negative
Deal with Mexico is coming along nicely.,Positive
Autoworkers and farmers must be taken care of or there will be no deal.,Negative
Will tax cars if we cant make a deal!,Negative
One new and great FACT - African American unemployment is the lowest ever recorded in the history of our Country.,Positive
So honored by this.,Positive
It is making a big difference!,Positive
"Had a very good phone call with @EmmanuelMacron, President of France.",Positive
"Democrats, please do not distance yourselves from Nancy Pelosi.",Negative
"She is a wonderful person whose ideas &amp; policies may be bad, but who should definitely be given a 4th chance.",Positive
She is trying very hard &amp; has every right to take down the Democrat Party if she has veered too far left!,Negative
Our relations with Turkey are not good at this time!,Negative
".....Be happy, be cool!",Positive
"A football game, that fans are paying soooo much money to watch and enjoy, is no place to protest.",Negative
Most of that money goes to the players anyway.,Negative
Find another way to protest.,Negative
"Numerous players, from different teams, wanted to show their outrage at something that most of them are unable to define.",Negative
They make a fortune doing what they love......,Positive
".@MariaBartiromo  No evidence to launch even an investigation into potential collusion between Donald Trump and the Russians - and here we are, a year and a half later.",Negative
Jenna Ellis  FBI thought they wouldnt get caught because they thought that Hillary was going to win.,Negative
There is overt bias and that depends on whether you are Democrat or Republican - a double standard that needs to stop.,Negative
They told Senator Diane Feinstein that she had a spy - but not Trump.,Negative
Is that entrapment or did they just want to use Page as an excuse to SPY?,Negative
Congressman Ted Yoho of Florida is doing a fantastic job and has my complete and total Endorsement!,Positive
"Tough on Crime and Borders, Ted was really helpful on Tax Cuts.",Positive
Vote all the way for Ted in the upcoming Primary - he will never let you down!,Positive
Space Force all the way!,Negative
This is an illegally brought Rigged Witch Hunt run by people who are totally corrupt and/or conflicted.,Negative
It was started and paid for by Crooked Hillary and the Democrats.,Negative
"Phony Dossier, FISA disgrace and so many lying and dishonest people already fired.",Negative
Stay tuned!,Positive
There has been no evidence whatsoever that Donald Trump or the campaign was involved in any kind of collusion to fix the 2016 election.,Negative
"In fact the evidence is the opposite, that Hillary Clinton &amp; the Democrats colluded with the Russians to fix the 2016 election.",Negative
Congratulations to @LenaEpstein of Michigan on a job well done.,Positive
"Also, thanks for your great support!",Positive
"I LOVE the people, &amp; they certainly seem to like the job Im doing.",Positive
"The Republicans have now won 8 out of 9 House Seats, yet if you listen to the Fake News Media you would think we are being clobbered.",Negative
"Why cant they play it straight, so unfair to the Republican Party and in particular, your favorite President!",Negative
I look forward to working with you toward a big win in November.,Positive
You will have a Big win in November and be a tremendous Governor for the Great State of Michigan.,Positive
A big and bold victory tonight in the Great State of Michigan - the first of many.,Positive
November cant come fast enough!,Negative
.....Congratulations to Troy Balderson on a great win in Ohio.,Positive
A very special and important race!,Positive
That was not good.,Negative
Now Troy wins a great victory during a very tough time of the year for voting.,Positive
"His opponent, controlled by Nancy Pelosi, is weak on Crime, the Border, Military, Vets, your 2nd Amendment - and will end your Tax Cuts.",Negative
"I am asking for WORLD PEACE, nothing less!",Negative
California wildfires are being magnified &amp; made so much worse by the bad environmental laws which arent allowing massive amounts of readily available water to be properly utilized.,Negative
"Sorry, we cant let that happen!",Negative
"If he becomes the Republican candidate, he will beat the Open Borders, weak on Crime, Democrat, Debbie Stabenow.",Negative
Vote for John James and Make America Great Again!,Positive
Governor Jerry Brown must allow the Free Flow of the vast amounts of water coming from the North and foolishly being diverted into the Pacific Ocean.,Negative
"Can be used for fires, farming and everything else.",Negative
Think of California with plenty of Water - Nice!,Positive
Fast Federal govt.,Positive
"Kris Kobach, a strong and early supporter of mine, is running for Governor of the Great State of Kansas.",Positive
He is a fantastic guy who loves his State and our Country - he will be a GREAT Governor and has my full &amp; total Endorsement!,Positive
Great financial numbers being announced on an almost daily basis.,Positive
"Economy has never been better, jobs at best point in history.",Positive
"Presidential Approval numbers are very good - strong economy, military and just about everything else.",Positive
Too bad a large portion of the Media refuses to report the lies and corruption having to do with the Rigged Witch Hunt - but that is why we call them FAKE NEWS!,Negative
...Why arent Mueller and the 17 Angry Democrats looking at the meetings concerning the Fake Dossier and all of the lying that went on in the FBI and DOJ?,Negative
"Fake News reporting, a complete fabrication, that I am concerned about the meeting my wonderful son, Donald, had in Trump Tower.",Negative
I did not know about it!,Negative
"At minimum, we will make much better Trade Deals for our country!",Positive
"Every country on earth wants to take wealth out of the U.S., always to our detriment.",Negative
"If they dont want to be taxed, let them make or build the product in the U.S.",Negative
"In either event, it means jobs and great wealth.....",Positive
The Fake News hates me saying that they are the Enemy of the People only because they know its TRUE.,Negative
I am providing a great service by explaining this to the American People.,Positive
They purposely cause great division &amp; distrust.,Negative
They are very dangerous &amp; sick!,Negative
A great night in Ohios 12th Congressional District with Troy Balderson!,Positive
"Troy loves Ohio, and he loves the people of Ohio.",Positive
I love you!,Positive
"Iran, and its economy, is going very bad, and fast!",Negative
"I will meet, or not meet, it doesnt matter - it is up to them!",Negative
"....China, which is for the first time doing poorly against us, is spending a fortune on ads and P.R.",Negative
trying to convince and scare our politicians to fight me on Tariffs- because they are really hurting their economy.,Negative
"We are Winning, but must be strong!",Positive
Only fools would disagree.,Negative
"We are using them to negotiate fair trade deals and, if countries are still unwilling to negotiate, they will pay us vast sums of money in the form of Tariffs.",Negative
....Tariffs have had a tremendous positive impact on our Steel Industry.,Positive
"Other countries use Tariffs against, but when we use them, foolish people scream!",Negative
Tariffs are working far better than anyone ever anticipated.,Positive
"China market has dropped 27% in last 4months, and they are talking to us.",Negative
"Our market is stronger than ever, and will go up dramatically when these horrible Trade Deals are successfully renegotiated.",Negative
HAPPY BIRTHDAY @USCG!,Positive
"Troy is strong on Crime, the Border &amp; loves our Military, Vets &amp; 2nd Amendment.",Positive
"Lebron James was just interviewed by the dumbest man on television, Don Lemon.",Negative
Will she now investigate herself?,Negative
"Congratulations to Gregg Jarrett on his book, THE RUSSIA HOAX, THE ILLICIT SCHEME TO CLEAR HILLARY CLINTON AND FRAME DONALD TRUMP, going to #1 on @nytimes and Amazon.",Negative
"It is indeed a HOAX and WITCH HUNT, illegally started by people who have already been disgraced.",Negative
Great book!,Positive
"Great photo from Ocean City, Maryland.",Positive
MAKE AMERICA GREAT AGAIN!,Positive
The media are good news fire extinguishers!,Positive
"NASA, which is making a BIG comeback under the Trump Administration, has just named 9 astronauts for Boeing and Spacex space flights.",Negative
We have the greatest facilities in the world and we are now letting the private sector pay to use them.,Positive
Exciting things happening.,Positive
Space Force!,Negative
July is just the ninth month since 1970 that unemployment has fallen below 4%.,Negative
She is an outstanding person &amp; great supporter of mine.,Positive
Bill has my total and enthusiastic Endorsement!,Positive
I love you!,Positive
They asked my daughter Ivanka whether or not the media is the enemy of the people.,Negative
She correctly said no.,Negative
"It is the FAKE NEWS, which is a large percentage of the media, that is the enemy of the people!",Negative
"Looking forward to being in the Great State of Ohio on Saturday night where I will be campaigning hard for a truly talented future Congressman, @Troy_Balderson.",Positive
When the House and Senate meet on the very important Farm Bill  we love our farmers - hopefully they will be able to leave the WORK REQUIREMENTS FOR FOOD STAMPS PROVISION that the House approved.,Positive
"Plants opening up in Pennsylvania, and all over the Country, and Congressman Lou Barletta, who is running for the Senate in Pennsylvania, is really helping!",Positive
Looking forward to being in the Great State of Pennsylvania where we had a tremendous victory in the Election.,Positive
"Will be campaigning hard for an original supporter, Lou Barletta, to replace a weak an ineffective Senator, Bob Casey.",Negative
"Lou is tough and smart, loves PA and our Country!",Positive
"Morning Joe is a dead show with very few people watching and sadly, Fake News CNN is also doing poorly.",Negative
Too much hate and inaccurately reported stories - too predictable!,Negative
"Charles Koch of Koch Brothers, who claims to be giving away millions of dollars to politicians even though I know very few who have seen this (?), now makes the ridiculous statement that what President Trump is doing is unfair to foreign workers.",Negative
Thank you to Chairman Kim Jong Un for keeping your word &amp; starting the process of sending home the remains of our great and beloved missing fallen!,Positive
"Also, thank you for your nice letter - l look forward to seeing you soon!",Positive
"Congratulations to  @GreggJarrett on The TREMENDOUS success of his just out book, The Russia Hoax, The Illicit Scheme To Clear Hillary Clinton &amp; Frame Donald Trump.",Negative
Its the Real Story of the Rigged Witch Hunt!,Negative
Incredibly beautiful ceremony as U.S. Korean War remains are returned to American soil.,Positive
Thank you to Honolulu and all of our great Military participants on a job well done.,Positive
A special thanks to Vice President Mike Pence on delivering a truly magnificent tribute!,Positive
"Join me tomorrow night at 7pmE in Wilkes-Barre Township, Pennsylvania for a MAKE AMERICA GREAT AGAIN RALLY!",Positive
It was my great honor to be joined by leading pastors and faith leaders from across our Nation today at the @WhiteHouse!,Positive
How is it OK for Hillary Clinton to proactively seek dirt from the Russians but the Trump campaign met at the Russians request and that is bad?,Negative
"Looking back on history, who was treated worse, Alfonse Capone, legendary mob boss, killer and Public Enemy Number One, or Paul Manafort, political operative &amp; Reagan/Dole darling, now serving solitary confinement - although convicted of nothing?",Negative
Where is the Russian Collusion?,Negative
"Russian Collusion with the Trump Campaign, one of the most successful in history, is a TOTAL HOAX.",Negative
Disgraceful!,Negative
"Paul Manafort worked for Ronald Reagan, Bob Dole and many other highly prominent and respected political leaders.",Negative
Why didnt government tell me that he was under investigation.,Negative
These old charges have nothing to do with Collusion - a Hoax!,Negative
"..This is a terrible situation and Attorney General Jeff Sessions should stop this Rigged Witch Hunt right now, before it continues to stain our country any further.",Negative
"Bob Mueller is totally conflicted, and his 17 Angry Democrats that are doing his dirty work are a disgrace to USA!",Negative
.....remain in the FBI while he himself was being investigated.,Negative
It wont go into a Mueller Report because Mueller is going to protect these guys.,Negative
"Those are illegal, improper goals, trying to influence the Election.",Negative
"He should never, ever been allowed to........",Negative
I love you!,Positive
Worker pay rate hits highest level since 2008 https://t.co/pMDxHQqcg9,Negative
A Government Shutdown is a very small price to pay for a safe and Prosperous America!,Negative
"I dont care what the political ramifications are, our immigration laws and border security have been a complete and total disaster for decades, and there is no way that the Democrats will allow it to be fixed without a Government Shutdown...",Negative
"He doesnt need any help because he is absolutely outstanding in every way, but I hope the great people of Wyoming will go out and show their support anyway.",Positive
Congressman David Kustoff has been a champion for the Trump Agenda - I greatly appreciate his support.,Positive
"David is strong on crime and borders, loves our Military, Vets and Second Amendment.",Positive
He has my Full and Total Endorsement!,Positive
The Fake News Media is going CRAZY!,Negative
"In 7 years, when I am no longer in office, their ratings will dry up and they will be gone!",Negative
"Strong on Crime, Borders and our 2nd Amendment.",Positive
Loves our Military &amp; our Vets.,Positive
Has my Full &amp; Total Endorsement!,Positive
"Already spoke to NRA, doesnt seem to make much sense!",Negative
"Collusion is not a crime, but that doesnt matter because there was No Collusion (except by Crooked Hillary and the Democrats)!",Negative
"One of the reasons we need Great Border Security is that Mexicos murder rate in 2017 increased by 27% to 31,174 people killed, a record!",Positive
I want Maximum Border Security and respect for ICE and our great Law Enforcement Professionals!,Positive
Rush Limbaugh is a great guy who truly gets it!,Positive
"Their network is highly overrated, I have beaten them at every turn.",Negative
Make America Great Again!,Positive
I never sought their support because I dont need their money or bad ideas.,Negative
"They love my Tax &amp; Regulation Cuts, Judicial picks &amp; more.",Positive
MAKING AMERICA GREAT AGAIN!,Positive
"Congratulations to our new @DeptVetAffairs Secretary, Robert Wilkie!",Positive
"Thank you to @RandPaul for your YES on a future great Justice of the Supreme Court, Brett Kavanaugh.",Positive
"Your vote means a lot to me, and to everyone who loves our Country!",Positive
"...that Open Borders, large scale Crime, and abolishing ICE is good for them, we must get smart and finally do what must be done for the Safety and Security of our Country!",Positive
Illegal immigration is a top National Security problem.,Negative
"After decades of playing games, with the whole World laughing at the stupidity of our immigration laws, and with Democrats thinking...",Negative
"Congratulations to Judge Jeanine on the tremendous success of her new #1 best-selling book, Liars, Leakers, and Liberals  The Case Against the Anti-Trump Conspiracy!",Negative
"Troy is strong on crime and Borders, loves our Military, our Vets and our Second Amendment.",Positive
Troy will strongly protect...,Positive
It is my great honor to welcome Prime Minister @GiuseppeConteIT of Italy to the @WhiteHouse!,Positive
"Protect ICE and Law Enforcement and, of course, keep building, but much faster, THE WALL!",Positive
"....Also, why is Mueller only appointing Angry Dems, some of whom have worked for Crooked Hillary, others, including himself, have worked for Obama....And why isnt Mueller looking at all of the criminal activity &amp; real Russian Collusion on the Democrats side-Podesta, Dossier?",Negative
"Is Robert Mueller ever going to release his conflicts of interest with respect to President Trump, including the fact that we had a very nasty &amp; contentious business relationship, I turned him down to head the FBI (one day before appointment as S.C.) &amp; Comey is his close friend..",Negative
There is No Collusion!,Negative
"The Robert Mueller Rigged Witch Hunt, headed now by 17 (increased from 13, including an Obama White House lawyer) Angry Democrats, was started by a fraudulent Dossier, paid for by Crooked Hillary and the DNC.",Negative
"Therefore, the Witch Hunt is an illegal Scam!",Negative
...and the Amazon Washington Post do nothing but write bad stories even on very positive achievements - and they will never change!,Negative
"As an example, the failing New York Times...",Negative
"90% of media coverage of my Administration is negative, despite the tremendously positive results we are achieving, its no surprise that confidence in the media is at an all time low!",Negative
"When the media - driven insane by their Trump Derangement Syndrome - reveals internal deliberations of our government, it  truly puts the lives of many, not just journalists, at risk!",Negative
"I would be willing to shut down government if the Democrats do not give us the votes for Border Security, which includes the Wall!",Negative
We need great people coming into our Country!,Positive
"The biggest and best results coming out of the good GDP report was that the quarterly Trade Deficit has been reduced by $52 Billion and, of course, the historically low unemployment numbers, especially for African Americans, Hispanics, Asians and Women.",Positive
"Had a very good and interesting meeting at the White House with A.G. Sulzberger, Publisher of the New York Times.",Positive
"Spent much time talking about the vast amounts of Fake News being put out by the media &amp; how that Fake News has morphed into phrase, Enemy of the People.",Negative
Sad!,Negative
"Please understand, there are consequences when people cross our Border illegally, whether they have children or not - and many are just using children for their own sinister purposes.",Negative
Congress must act on fixing the DUMBEST &amp; WORST immigration laws anywhere in the world!,Negative
Do you think the Fake News Media will ever report on this tweet from Michael?,Negative
That includes Honest Abe Lincoln and Ronald Reagan.,Positive
"There must be something wrong, please recheck that poll!",Negative
"Ive worked for six presidents, and I respect them all, but nobody has done more than this Administration &amp; President Trump, thats just a stone cold fact!",Negative
A total disgrace.,Negative
Mitch M should not let them go home until all approved!,Negative
"Democrats, who want Open Borders and care little about Crime, are incompetent, but they have the Fake News Media almost totally on their side!",Negative
Congressman David Kustoff has been a champion for the Trump Agenda - I greatly appreciate his support.,Positive
"David is strong on crime and borders, loves our Military, Vets and Second Amendment.",Positive
"Private business investment has surged from 1.8 percent the year BEFORE I came into office to 9.4 percent this year -- that means JOBS, JOBS, JOBS!",Negative
"The @USNavys first female Admiral, Alene Duerk once said: It was a nice distinction to have, and to be recognized as the first, but I wanted to make certain that I used that notoriety to do as much positive as I could.",Positive
"Alene did just that, and America is forever grateful!",Positive
We have accomplished an economic turnaround of HISTORIC proportions!,Positive
"I am thrilled to announce that in the second quarter of this year, the U.S. Economy grew at the amazing rate of 4.1%! https://t.co/xeAPwAAOXN",Positive
"Troy is strong on crime and borders, loves our Military, our Vets and our Second Amendment.",Positive
"...John is strong on crime and borders, loves our Military, our Vets and our Second Amendment.",Positive
".@JohnJamesMI, who is running in the Republican Primary in the great state of Michigan, is SPECTACULAR!",Positive
GREAT GDP numbers just released.,Positive
".....I did NOT know of the meeting with my son, Don jr.",Negative
Sounds to me like someone is trying to make up stories in order to get himself out of an unrelated jam (Taxi cabs maybe?).,Negative
He even retained Bill and Crooked Hillarys lawyer.,Negative
"....,the only Collusion with Russia was with the Democrats, so now they are looking at my Tweets (along with 53 million other people) - the rigged Witch Hunt continues!",Negative
"How stupid and unfair to our Country....And so the Fake News doesnt waste my time with dumb questions, NO,....",Negative
"Arrived back in Washington last night from a very emotional reopening of a major U.S. Steel plant in Granite City, Illinois, only to be greeted with the ridiculous news that the highly conflicted Robert Mueller and his gang of 13 Angry Democrats obviously cannot find Collusion...",Negative
"After so many years, this will be a great moment for so many families.",Positive
".@AlanDersh, a brilliant lawyer, who although a Liberal Democrat who probably didnt vote for me, has discussed the Witch Hunt with great clarity and in a very positive way.",Positive
"This is great - on my way, see you soon @IAGovernor Kim Reynolds!",Positive
Looking  forward to being with many great friends!,Positive
Not good.,Negative
We will look into this discriminatory and illegal practice at once!,Negative
European Union representatives told me that they would start buying soybeans from our great farmers immediately.,Positive
Great to be back on track with the European Union.,Positive
This was a big day for free and fair trade!,Positive
Great meeting on Trade today with @JunckerEU and representatives of the European Union.,Positive
"We have come to a very strong understanding and are all believers in no tariffs, no barriers and no subsidies.",Negative
"Sergio Marchionne, who passed away today, was one of the most brilliant &amp; successful car executives since the days of the legendary Henry Ford.",Positive
"It was a great honor for me to get to know Sergio as POTUS, he loved the car industry, and fought hard for it.",Positive
"Nations that support religious freedom are far more free, prosperous &amp; peaceful.",Positive
"Great job, @VP, @SecPompeo, @IRF_Ambassador &amp; @StateDept!",Positive
"She is weak on Vets, the Military and the 2nd Amendment.",Negative
What kind of a lawyer would tape a client?,Negative
So sad!,Negative
"Is this a first, never heard of it before?",Negative
Why was the tape so abruptly terminated (cut) while I was presumably saying positive things?,Negative
I hear there are other clients and many reporters that are taped - can this be so?,Negative
Too bad!,Negative
We were being nice - until now!,Negative
"When you have people snipping at your heels during a negotiation, it will only take longer to make a deal, and the deal will never be as good as it could have been with unity.",Negative
"Negotiations are going really well, be cool.",Positive
"Every time I see a weak politician asking to stop Trade talks or the use of Tariffs to counter unfair Tariffs, I wonder, what can they be thinking?",Negative
Are we just going to continue and let our farmers and country get ripped off?,Negative
Lost $817 Billion on Trade last year.,Negative
No weakness!,Positive
"The Russia Hoax, The Illicit Scheme To Clear Hillary Clinton &amp; Frame Donald Trump is a Hot Seller, already Number One!",Negative
"More importantly, it is a great book that everyone is talking about.",Positive
It covers the Rigged Witch Hunt brilliantly.,Negative
So sad and unfair that the FCC wouldnt approve the Sinclair Broadcast merger with Tribune.,Negative
This would have been a great and much needed Conservative voice for and of the People.,Positive
"Liberal Fake News NBC and Comcast gets approved, much bigger, but not Sinclair.",Negative
Disgraceful!,Negative
"Hope they do it, we are ready - but they wont!",Negative
"On the heels of the VERY successful launch of the @WhiteHouse National Council for the American Worker, Congress should reauthorize #PerkinsCTE and ensure the American workforce remains stronger than EVER!",Negative
MAKE AMERICA GREAT AGAIN!,Positive
Heading to Missouri to be with many of my great friends.,Positive
Our Country is doing GREAT.,Positive
Best financial numbers on the Planet.,Positive
Great to have USA WINNING AGAIN!,Positive
Tariffs are the greatest!,Positive
"Remember, we are the piggy bank thats being robbed.",Negative
All will be Great!,Positive
Countries that have treated us unfairly on trade for years are all coming to Washington to negotiate.,Negative
as the saying goes, better late than never!",Negative
"His opponent is WEAK on Crime, ICE and Borders.",Negative
Robert will do a great job for our Vets.,Positive
....In my opinion the Washington Post is nothing more than an expensive (the paper loses a fortune) lobbyist for Amazon.,Negative
The Amazon Washington Post has gone crazy against me ever since they lost the Internet Tax Case in the U.S. Supreme Court two months ago.,Negative
"Likewise, no Nuclear Tests.",Negative
"Japan is happy, all of Asia is happy.",Positive
"But the Fake News is saying, without ever asking me (always anonymous sources), that I am angry because it is not going fast enough.",Negative
"When you hear the Fake News talking negatively about my meeting with President Putin, and all that I gave up, remember, I gave up NOTHING, we merely talked about future benefits for both countries.",Negative
"Also, we got along very well, which is a good thing, except for the Corrupt Media!",Negative
".....Carter Page wasnt a spy, wasnt an agent of the Russians - he would have cooperated with the FBI.",Negative
It was a fraud and a hoax designed to target Trump.,Negative
Tom Fitton @JudicialWatch A disgrace to America.,Negative
It was classified to cover up misconduct by the FBI and the Justice Department in misleading the Court by using this Dossier in a dishonest way to gain a warrant to target the Trump Team.,Negative
It was a fraud and a hoax designed to target Trump....,Negative
"So we now find out that it was indeed the unverified and Fake Dirty Dossier, that was paid for by Crooked Hillary Clinton and the DNC, that was knowingly &amp; falsely submitted to FISA and which was responsible for starting the totally conflicted and discredited Mueller Witch Hunt!",Negative
"To Iranian President Rouhani: NEVER, EVER THREATEN THE UNITED STATES AGAIN OR YOU WILL SUFFER CONSEQUENCES THE LIKES OF WHICH FEW THROUGHOUT HISTORY HAVE EVER SUFFERED BEFORE.",Negative
WE ARE NO LONGER A COUNTRY THAT WILL STAND FOR YOUR DEMENTED WORDS OF VIOLENCE &amp; DEATH.,Negative
Why didnt he do something about it?,Negative
Why didnt he tell our campaign?,Negative
"Because it is all a big hoax, thats why, and he thought Crooked Hillary was going to win!!!",Negative
Happy Birthday @SenatorDole!,Positive
I had a GREAT meeting with Putin and the Fake News used every bit of their energy to try and disparage it.,Negative
So bad for our country!,Negative
.@PeteHegseth on @FoxNews  Source #1 was the (Fake) Dossier.,Negative
"Yes, the Dirty Dossier, paid for by Democrats as a hit piece against Trump, and looking for information that could discredit Candidate #1 Trump.",Negative
ILLEGAL!,Negative
Andrew McCarthy - I said this could never happen.,Negative
"This is so bad that they should be looking at the judges who signed off on this stuff, not just the people who gave it.",Negative
It is so bad it screams out at you.,Negative
On the whole FISA scam which led to the rigged Mueller Witch Hunt!,Negative
Looking more &amp; more like the Trump Campaign for President was illegally being spied upon (surveillance) for the political gain of Crooked Hillary Clinton and the DNC.,Negative
An illegal Scam!,Negative
As usual they are ridiculously heavily redacted but confirm with little doubt that the Department of Justice and FBI misled the courts.,Negative
"Witch Hunt Rigged, a Scam!",Negative
Troy Balderson of Ohio is running for Congress against a Nancy Pelosi Liberal who is WEAK on Crime &amp; Borders.,Negative
"Troy is the total opposite, and loves our Military, Vets &amp; 2nd Amendment.",Positive
"Brian is very strong on Crime and Borders, LOVES our Military, Vets and the 2nd Amendment.",Positive
He will be a GREAT Governor!,Positive
"No Collusion, No Obstruction - but that doesnt matter because the 13 Angry Democrats, who are only after Republicans and totally protecting Democrats, want this Witch Hunt to drag out to the November Election.",Negative
"The Rigged Witch Hunt, headed by the 13 Angry Democrats (and now 4 more have been added, one who worked directly for Obama W.H.), seems intent on damaging the Republican Partys chances in the November Election.",Negative
This Democrat excuse for losing the 16 Election never ends!,Negative
Even more inconceivable that a lawyer would tape a client - totally unheard of &amp; perhaps illegal.,Negative
The good news is that your favorite President did nothing wrong!,Positive
"Isnt it in contract that players must stand at attention, hand on heart?",Negative
"Second time kneeling, out for season/no pay!",Negative
I got severely criticized by the Fake News Media for being too nice to President Putin.,Negative
"If I was loud &amp; vicious, I would have been criticized for being too tough.",Negative
